studentid,gender,agegroup,continent,background
1030165,M,25,Africa,C
1030166,M,18,North America,B
1030167,M,25,North America,C
1030168,M,18,Unknown,D
1030169,M,35,Europe,C
1030170,M,18,North America,A
1030171,M,35,Unknown,A
1030172,M,25,Europe,D
1030173,M,25,North America,A
1030174,M,45,Europe,B
1030175,M,25,North America,B
1030176,M,35,Unknown,A
1030177,M,18,North America,B
1030178,M,25,Europe,B
1030179,M,35,North America,B
1030180,M,45,Unknown,B
1030181,F,25,Unknown,A
1030182,M,45,North America,D
1030183,M,35,North America,D
1030184,M,25,Asia,C
1030185,M,25,Unknown,D
1030186,M,25,Unknown,A
1030187,F,45,Europe,A
1030188,M,18,Unknown,C
1030189,F,25,North America,B
1030190,F,18,North America,D
1030191,M,35,Asia,D
1030192,M,25,Africa,D
1030193,M,45,North America,B
1030194,M,18,Asia,C
1030195,M,35,Unknown,B
1030196,M,55,Unknown,C
1030197,M,25,Asia,C
1030198,M,25,Europe,C
1030199,M,25,Europe,C
1030200,F,45,Asia,A
1030201,M,25,North America,B
1030202,M,18,Europe,C
1030203,F,35,North America,D
1030204,F,25,Unknown,C
1030205,M,25,Unknown,C
1030206,F,25,Europe,D
1030207,M,18,Asia,C
1030208,F,25,Asia,C
1030209,M,18,Europe,D
1030210,F,18,Asia,B
1030211,M,18,North America,D
1030212,M,25,Asia,D
1030213,M,18,Asia,A
1030214,M,25,North America,B
1030215,M,35,North America,D
1030216,M,25,Europe,B
1030217,F,45,Asia,A
1030218,M,18,Asia,D
1030219,M,65,Unknown,C
1030220,M,18,North America,B
1030221,M,35,Unknown,C
1030222,F,55,Europe,A
1030223,M,25,Europe,A
1030224,M,25,Asia,D
1030225,M,25,South America,C
1030226,M,25,Europe,D
1030227,M,18,North America,C
1030228,M,25,Asia,C
1030229,M,25,Europe,D
1030230,M,25,Unknown,D
1030231,F,25,North America,B
1030232,F,25,Europe,D
1030233,F,18,Africa,B
1030234,F,25,North America,C
1030235,M,25,Unknown,C
1030236,F,18,Unknown,C
1030237,F,55,North America,D
1030238,M,25,North America,D
1030239,M,18,Europe,D
1030240,M,18,Europe,D
1030241,M,18,Unknown,A
1030242,M,35,Unknown,B
1030243,M,25,Unknown,C
1030244,M,18,Europe,C
1030245,F,18,Asia,D
1030246,M,18,Europe,B
1030247,M,18,Asia,C
1030248,M,25,Asia,D
1030249,M,0,Europe,A
1030250,M,25,North America,C
1030251,M,18,Europe,A
1030252,M,25,North America,D
1030253,M,25,Europe,C
1030254,M,45,Asia,C
1030255,F,25,Europe,A
1030256,M,35,North America,B
1030257,M,25,South America,C
1030258,M,25,North America,C
1030259,M,18,Europe,C
1030260,M,25,North America,B
1030261,F,18,Unknown,C
1030262,M,25,North America,C
1030263,F,18,Europe,B
1030264,F,25,Europe,C
1030265,M,25,Asia,A
1030266,M,25,North America,D
1030267,M,25,North America,C
1030268,M,35,Unknown,A
1030269,M,65,Europe,D
1030270,M,45,Unknown,D
1030271,M,35,North America,B
1030272,M,18,Europe,A
1030273,M,18,Europe,D
1030274,M,0,North America,A
1030275,F,18,South America,C
1030276,M,25,Unknown,A
1030277,M,25,North America,A
1030278,M,25,Asia,D
1030279,F,25,Europe,C
1030280,M,35,Unknown,D
1030281,M,35,North America,D
1030282,M,18,Asia,C
1030283,M,18,North America,B
1030284,M,35,North America,C
1030285,M,25,Africa,A
1030286,M,25,Europe,A
1030287,F,35,Unknown,C
1030288,F,18,Europe,A
1030289,F,45,Asia,C
1030290,M,45,North America,A
1030291,M,45,Europe,D
1030292,M,18,North America,D
1030293,M,25,North America,A
1030294,M,55,Asia,C
1030295,M,25,North America,B
1030296,M,18,Europe,B
1030297,M,35,Asia,B
1030298,M,25,Unknown,B
1030299,M,18,Europe,A
1030300,M,25,North America,C
1030301,M,25,Europe,C
1030302,M,55,Unknown,D
1030303,M,18,Australia,A
1030304,M,18,Unknown,A
1030305,M,18,South America,D
1030306,F,18,Asia,B
1030307,M,25,North America,B
1030308,M,18,North America,C
1030309,M,18,North America,D
1030310,F,18,Africa,A
1030311,M,35,Africa,C
1030312,M,25,North America,D
1030313,M,35,North America,A
1030314,M,25,Asia,B
1030315,M,18,North America,A
1030316,M,35,Asia,D
1030317,M,25,North America,D
1030318,M,25,North America,C
1030319,M,25,North America,D
1030320,M,25,Unknown,B
1030321,M,18,Unknown,B
1030322,M,18,North America,D
1030323,F,25,North America,C
1030324,M,35,North America,D
1030325,M,18,North America,C
1030326,M,18,Europe,B
1030327,F,35,Europe,D
1030328,M,25,Unknown,B
1030329,M,35,Asia,B
1030330,M,18,North America,A
1030331,M,0,Unknown,D
1030332,M,25,North America,A
1030333,M,35,Asia,C
1030334,M,18,Asia,C
1030335,M,55,North America,D
1030336,M,35,Europe,B
1030337,M,35,Africa,A
1030338,M,45,Europe,A
1030339,F,25,Unknown,A
1030340,F,18,Europe,C
1030341,F,45,North America,D
1030342,M,35,Europe,C
1030343,M,35,Asia,C
1030344,M,35,South America,C
1030345,M,18,Unknown,C
1030346,M,18,Europe,A
1030347,M,25,North America,D
1030348,M,18,Africa,A
1030349,M,25,North America,A
1030350,M,18,Asia,A
1030351,F,18,Europe,C
1030352,F,25,North America,D
1030353,F,45,Europe,C
1030354,M,55,Africa,C
1030355,M,35,Asia,C
1030356,F,25,Africa,C
1030357,M,25,North America,C
1030358,M,35,Asia,C
1030359,M,18,Europe,B
1030360,M,35,Unknown,C
1030361,F,18,Asia,A
1030362,M,25,North America,C
1030363,M,18,Unknown,A
1030364,M,35,Europe,D
1030365,M,18,North America,D
1030366,F,18,Asia,B
1030367,M,35,Asia,D
1030368,M,25,North America,D
1030369,M,0,Asia,C
1030370,M,18,North America,C
1030371,M,25,Africa,A
1030372,M,35,Asia,C
1030373,F,25,North America,A
1030374,M,18,Europe,D
1030375,M,25,South America,C
1030376,M,35,Unknown,C
1030377,F,25,North America,C
1030378,F,25,Unknown,D
1030379,M,35,Asia,D
1030380,M,35,North America,B
1030381,M,18,North America,A
1030382,F,18,North America,A
1030383,M,25,Unknown,B
1030384,M,18,North America,D
1030385,M,25,North America,D
1030386,M,18,Africa,C
1030387,M,18,North America,C
1030388,M,25,South America,A
1030389,M,18,North America,B
1030390,M,35,Asia,A
1030391,M,45,Unknown,A
1030392,M,0,North America,D
1030393,M,45,North America,C
1030394,M,25,Europe,A
1030395,M,18,North America,B
1030396,M,25,North America,B
1030397,M,18,North America,C
1030398,M,25,Africa,A
1030399,F,35,North America,B
1030400,M,18,Africa,B
1030401,M,25,Europe,B
1030402,M,35,Asia,B
1030403,M,45,Asia,C
1030404,M,25,Europe,C
1030405,M,25,Europe,C
1030406,M,25,Unknown,C
1030407,M,18,North America,A
1030408,M,25,North America,C
1030409,F,25,North America,D
1030410,F,18,North America,A
1030411,M,0,Unknown,A
1030412,M,25,North America,A
1030413,M,25,North America,A
1030414,M,25,North America,A
1030415,M,35,Europe,B
1030416,M,25,Europe,C
1030417,M,35,Europe,D
1030418,F,18,North America,C
1030419,M,25,Europe,D
1030420,M,25,North America,A
1030421,F,25,South America,C
1030422,F,45,Europe,C
1030423,M,18,South America,C
1030424,F,25,Asia,B
1030425,M,18,South America,D
1030426,M,35,North America,C
1030427,M,25,Unknown,A
1030428,M,18,Europe,C
1030429,M,25,Asia,C
1030430,M,18,Asia,C
1030431,M,25,North America,A
1030432,M,45,Asia,D
1030433,M,18,Africa,D
1030434,M,25,Europe,C
1030435,F,0,Africa,C
1030436,M,35,Unknown,D
1030437,M,45,Europe,A
1030438,M,18,Australia,B
1030439,M,18,Unknown,A
1030440,M,18,Unknown,A
1030441,M,35,North America,C
1030442,F,25,Europe,B
1030443,M,18,North America,A
1030444,M,25,Africa,C
1030445,M,35,North America,C
1030446,F,55,North America,D
1030447,M,18,Asia,B
1030448,M,45,Unknown,D
1030449,F,55,Asia,A
1030450,M,18,North America,A
1030451,M,25,North America,A
1030452,M,35,Europe,D
1030453,M,18,Unknown,C
1030454,M,18,North America,B
1030455,F,25,Europe,B
1030456,F,18,Europe,C
1030457,M,18,Europe,C
1030458,M,45,Africa,D
1030459,M,45,Unknown,D
1030460,M,0,Unknown,A
1030461,M,25,Asia,C
1030462,M,45,North America,D
1030463,M,35,Europe,A
1030464,M,25,Asia,B
1030465,M,35,South America,D
1030466,M,18,Asia,A
1030467,M,35,Europe,D
1030468,M,18,Unknown,B
1030469,M,35,Europe,C
1030470,M,18,North America,B
1030471,M,55,Africa,D
1030472,F,25,North America,B
1030473,M,18,North America,D
1030474,F,25,Europe,D
1030475,F,45,Unknown,D
1030476,M,25,Unknown,D
1030477,F,35,Europe,B
1030478,M,18,North America,C
1030479,F,25,North America,D
1030480,M,25,North America,A
1030481,M,25,North America,D
1030482,M,0,Africa,C
1030483,M,18,North America,B
1030484,M,18,Africa,C
1030485,M,45,Europe,B
1030486,M,18,South America,C
1030487,M,18,Europe,A
1030488,M,45,Asia,C
1030489,M,25,North America,C
1030490,M,18,Unknown,A
1030491,F,45,Asia,D
1030492,M,18,North America,B
1030493,M,25,North America,D
1030494,F,25,Asia,D
1030495,M,45,Unknown,C
1030496,M,18,Asia,D
1030497,M,25,North America,D
1030498,F,25,North America,C
1030499,F,18,North America,C
1030500,M,18,North America,A
1030501,M,25,Asia,C
1030502,M,35,Asia,C
1030503,M,18,North America,D
1030504,F,18,North America,D
1030505,M,25,North America,A
1030506,M,25,Asia,D
1030507,M,25,Africa,A
1030508,M,25,North America,A
1030509,F,35,North America,B
1030510,M,18,South America,B
1030511,M,25,Unknown,B
1030512,M,25,Europe,C
1030513,M,18,Africa,D
1030514,M,35,Europe,C
1030515,M,35,North America,B
1030516,M,55,Europe,D
1030517,M,18,North America,A
1030518,M,18,North America,A
1030519,M,0,Africa,D
1030520,F,18,Europe,D
1030521,M,18,Europe,D
1030522,M,18,Europe,D
1030523,M,18,North America,A
1030524,F,35,Europe,A
1030525,M,25,North America,D
1030526,M,18,Africa,B
1030527,M,25,North America,C
1030528,M,25,Africa,C
1030529,F,25,North America,C
1030530,M,45,Unknown,C
1030531,M,35,North America,B
1030532,M,25,Asia,A
1030533,M,18,Unknown,D
1030534,M,55,Europe,D
1030535,F,18,Asia,D
1030536,M,18,Asia,D
1030537,M,25,Unknown,B
1030538,M,25,North America,D
1030539,M,35,North America,C
1030540,M,35,North America,C
1030541,F,25,Asia,D
1030542,M,25,Asia,B
1030543,M,18,North America,C
1030544,M,25,Europe,B
1030545,M,18,North America,D
1030546,M,25,Unknown,C
1030547,F,55,Unknown,D
1030548,F,25,Europe,C
1030549,M,18,Unknown,D
1030550,F,55,North America,B
1030551,M,35,Asia,A
1030552,F,25,Europe,A
1030553,M,25,North America,D
1030554,M,18,Europe,D
1030555,M,45,Europe,C
1030556,F,25,North America,D
1030557,M,55,North America,A
1030558,M,25,Asia,B
1030559,M,25,Africa,D
1030560,M,18,North America,C
1030561,M,18,Europe,C
1030562,M,25,Unknown,A
1030563,M,25,North America,C
1030564,F,45,Asia,A
1030565,M,18,Europe,D
1030566,M,18,North America,C
1030567,M,35,North America,B
1030568,M,45,Unknown,A
1030569,M,25,Unknown,A
1030570,M,25,North America,C
1030571,M,18,Europe,D
1030572,M,25,Unknown,C
1030573,M,18,Asia,A
1030574,M,18,Asia,A
1030575,M,35,Asia,C
1030576,M,25,Europe,D
1030577,M,25,North America,D
1030578,M,25,Africa,C
1030579,M,25,North America,C
1030580,M,18,South America,C
1030581,M,25,Asia,A
1030582,M,45,North America,D
1030583,M,35,North America,D
1030584,M,18,Asia,B
1030585,M,0,Asia,C
1030586,M,18,North America,A
1030587,M,18,North America,A
1030588,M,25,North America,D
1030589,M,18,North America,D
1030590,F,18,North America,D
1030591,F,18,Unknown,A
1030592,M,25,Unknown,B
1030593,M,18,North America,C
1030594,F,18,North America,B
1030595,M,18,Asia,D
1030596,M,18,Asia,A
1030597,M,18,North America,B
1030598,F,35,Unknown,A
1030599,M,25,Europe,A
1030600,F,35,North America,C
1030601,M,25,South America,D
1030602,M,25,North America,C
1030603,M,18,Asia,D
1030604,M,35,Africa,D
1030605,F,25,North America,B
1030606,M,35,North America,B
1030607,F,18,Unknown,D
1030608,M,25,North America,C
1030609,M,55,Asia,C
1030610,F,35,Europe,A
1030611,M,18,Europe,B
1030612,M,25,South America,A
1030613,M,18,North America,C
1030614,M,25,Africa,B
1030615,M,0,Asia,A
1030616,M,55,South America,B
1030617,F,25,Europe,D
1030618,M,25,South America,D
1030619,M,18,Europe,C
1030620,M,25,Asia,B
1030621,F,25,Australia,C
1030622,M,65,Europe,C
1030623,M,18,Europe,D
1030624,M,35,North America,C
1030625,M,35,North America,A
1030626,M,65,North America,B
1030627,M,18,North America,B
1030628,M,18,North America,B
1030629,M,18,North America,D
1030630,M,18,Unknown,C
1030631,F,18,North America,A
1030632,M,18,Unknown,C
1030633,M,35,Unknown,A
1030634,F,18,Unknown,C
1030635,M,18,North America,A
1030636,M,18,Asia,D
1030637,F,25,North America,B
1030638,F,45,Africa,D
1030639,M,18,South America,C
1030640,M,45,Europe,D
1030641,M,35,Unknown,B
1030642,F,25,Europe,D
1030643,M,35,Unknown,B
1030644,M,55,North America,B
1030645,F,18,Africa,D
1030646,M,25,Europe,A
1030647,M,25,North America,D
1030648,F,18,North America,B
1030649,F,35,North America,B
1030650,M,25,North America,C
1030651,M,25,Unknown,C
1030652,M,25,North America,A
1030653,M,35,North America,A
1030654,M,25,Asia,D
1030655,F,45,North America,D
1030656,M,35,Europe,C
1030657,M,45,Europe,A
1030658,F,25,North America,D
1030659,M,35,Europe,C
1030660,M,45,North America,B
1030661,F,18,North America,A
1030662,F,55,Europe,C
1030663,M,25,North America,A
1030664,M,25,Africa,A
1030665,M,18,North America,D
1030666,M,25,Asia,D
1030667,M,25,Europe,C
1030668,M,55,North America,A
1030669,M,35,North America,D
1030670,M,18,North America,D
1030671,M,18,Unknown,C
1030672,M,35,Unknown,C
1030673,F,35,North America,D
1030674,M,25,Europe,D
1030675,M,18,Asia,B
1030676,M,35,Europe,C
1030677,M,18,Europe,D
1030678,M,18,North America,C
1030679,M,25,North America,B
1030680,M,25,North America,C
1030681,M,35,North America,D
1030682,M,55,North America,C
1030683,F,25,Asia,B
1030684,M,18,Europe,C
1030685,M,25,Unknown,C
1030686,F,25,Asia,B
1030687,M,25,Europe,A
1030688,M,35,Asia,B
1030689,M,18,North America,D
1030690,M,18,Europe,A
1030691,M,25,Europe,D
1030692,F,55,North America,A
1030693,F,18,Europe,A
1030694,F,18,Europe,C
1030695,M,0,North America,A
1030696,M,25,Asia,C
1030697,M,45,North America,A
1030698,M,25,Unknown,D
1030699,M,25,North America,C
1030700,M,35,Asia,B
1030701,M,25,Unknown,C
1030702,M,18,Europe,A
1030703,M,25,Africa,D
1030704,M,35,Unknown,C
1030705,M,35,Europe,C
1030706,M,35,North America,C
1030707,F,18,Unknown,C
1030708,M,45,Europe,B
1030709,M,35,Europe,C
1030710,F,18,North America,A
1030711,M,18,Unknown,D
1030712,F,35,South America,C
1030713,M,35,North America,C
1030714,F,45,North America,D
1030715,M,18,Africa,D
1030716,M,55,Unknown,D
1030717,M,25,Asia,B
1030718,F,25,North America,A
1030719,F,18,Unknown,D
1030720,M,25,Unknown,C
1030721,F,18,South America,A
1030722,M,25,North America,B
1030723,M,25,North America,B
1030724,F,18,Europe,D
1030725,M,18,North America,A
1030726,M,35,Asia,C
1030727,M,18,Asia,C
1030728,M,25,Europe,A
1030729,M,25,Asia,C
1030730,M,25,North America,C
1030731,F,35,North America,A
1030732,M,18,Africa,A
1030733,M,25,Asia,A
1030734,F,18,Australia,D
1030735,M,18,Asia,C
1030736,M,25,Africa,D
1030737,M,18,North America,B
1030738,F,25,North America,B
1030739,M,25,North America,D
1030740,M,25,Africa,D
1030741,M,35,Europe,C
1030742,M,25,Europe,A
1030743,M,35,North America,B
1030744,M,18,Unknown,D
1030745,F,35,North America,D
1030746,M,25,Unknown,C
1030747,M,18,Asia,D
1030748,M,18,Europe,C
1030749,M,25,Europe,C
1030750,F,25,North America,D
1030751,M,18,Africa,A
1030752,M,18,North America,C
1030753,M,25,North America,B
1030754,M,18,North America,B
1030755,F,25,Asia,B
1030756,M,18,Unknown,C
1030757,M,18,Unknown,A
1030758,M,25,Asia,D
1030759,F,25,Europe,D
1030760,M,25,Asia,A
1030761,M,25,Unknown,A
1030762,M,18,Europe,C
1030763,M,55,Europe,C
1030764,F,25,Unknown,B
1030765,M,25,North America,D
1030766,M,45,North America,A
1030767,M,25,Asia,B
1030768,M,25,Unknown,B
1030769,F,65,North America,C
1030770,M,45,North America,D
1030771,F,18,Africa,B
1030772,M,25,Europe,A
1030773,M,35,South America,C
1030774,M,18,Europe,B
1030775,M,25,North America,D
1030776,M,25,South America,A
1030777,F,25,North America,B
1030778,M,35,North America,B
1030779,M,18,North America,C
1030780,M,18,Europe,B
1030781,M,18,North America,C
1030782,M,25,Unknown,A
1030783,M,25,Europe,C
1030784,M,18,North America,D
1030785,M,18,Europe,A
1030786,M,18,North America,B
1030787,F,25,Unknown,C
1030788,M,35,Europe,B
1030789,M,18,Unknown,C
1030790,M,35,North America,D
1030791,M,25,Unknown,C
1030792,M,65,Europe,D
1030793,M,35,Asia,A
1030794,M,18,North America,B
1030795,F,25,Asia,C
1030796,M,18,Unknown,C
1030797,M,18,North America,C
1030798,M,18,North America,C
1030799,M,25,Unknown,B
1030800,M,25,Unknown,A
1030801,M,25,Australia,D
1030802,M,18,North America,C
1030803,M,25,Europe,C
1030804,F,25,North America,D
1030805,M,25,Europe,C
1030806,M,25,Unknown,D
1030807,F,18,Unknown,D
1030808,M,25,South America,A
1030809,M,25,North America,C
1030810,M,18,North America,D
1030811,M,25,Unknown,A
1030812,M,18,South America,C
1030813,M,55,Europe,A
1030814,M,45,Africa,B
1030815,M,18,North America,C
1030816,M,35,Unknown,B
1030817,M,18,Asia,D
1030818,M,25,Unknown,D
1030819,M,65,Europe,D
1030820,M,25,North America,C
1030821,M,35,Africa,C
1030822,M,25,North America,B
1030823,M,0,Unknown,D
1030824,M,55,North America,A
1030825,M,25,North America,D
1030826,M,35,Europe,C
1030827,F,18,Europe,D
1030828,M,25,Unknown,C
1030829,M,18,South America,C
1030830,M,25,North America,C
1030831,M,18,Europe,D
1030832,M,55,Unknown,C
1030833,M,45,North America,A
1030834,M,18,Europe,D
1030835,M,45,Asia,D
1030836,M,25,Africa,B
1030837,M,35,North America,D
1030838,M,18,Unknown,B
1030839,F,18,South America,B
1030840,M,18,North America,C
1030841,M,25,Asia,C
1030842,M,55,Unknown,A
1030843,M,18,North America,D
1030844,M,35,North America,A
1030845,M,25,Asia,C
1030846,F,18,North America,D
1030847,M,25,Unknown,A
1030848,M,25,North America,B
1030849,M,45,Europe,C
1030850,M,25,North America,D
1030851,M,18,North America,C
1030852,M,55,Europe,C
1030853,M,25,Unknown,C
1030854,M,25,North America,D
1030855,M,25,Asia,C
1030856,F,25,Europe,B
1030857,M,25,Unknown,C
1030858,M,45,Europe,D
1030859,F,25,North America,C
1030860,M,35,Asia,D
1030861,M,25,Europe,D
1030862,M,25,Unknown,C
1030863,M,18,Asia,B
1030864,F,25,Africa,B
1030865,M,35,Unknown,C
1030866,M,18,Europe,C
1030867,M,35,North America,B
1030868,M,25,North America,B
1030869,M,25,Africa,C
1030870,M,0,North America,D
1030871,M,35,North America,A
1030872,M,45,Asia,C
1030873,M,0,North America,C
1030874,M,25,Europe,D
1030875,M,25,Unknown,D
1030876,M,35,Unknown,B
1030877,M,18,Unknown,B
1030878,M,45,Europe,C
1030879,M,25,North America,A
1030880,M,18,Asia,D
1030881,M,35,Unknown,D
1030882,M,35,Australia,C
1030883,M,35,North America,D
1030884,M,35,Europe,B
1030885,M,25,Europe,D
1030886,M,25,Unknown,B
1030887,M,35,North America,B
1030888,M,45,North America,A
1030889,M,18,Asia,D
1030890,M,25,Europe,C
1030891,M,25,Asia,C
1030892,M,18,North America,C
1030893,F,18,Unknown,A
1030894,M,35,Africa,A
1030895,M,35,North America,A
1030896,M,0,Europe,B
1030897,F,25,North America,B
1030898,M,18,Europe,A
1030899,M,25,Africa,C
1030900,M,18,Unknown,C
1030901,M,25,Africa,C
1030902,M,35,Asia,C
1030903,M,45,North America,C
1030904,M,25,North America,D
1030905,M,25,Asia,C
1030906,M,25,Europe,B
1030907,M,18,Unknown,A
1030908,M,25,North America,C
1030909,F,35,Africa,C
1030910,M,35,Africa,D
1030911,M,25,North America,A
1030912,M,18,North America,D
1030913,F,25,North America,D
1030914,M,25,Europe,D
1030915,F,25,North America,A
1030916,F,25,Asia,D
1030917,F,18,North America,C
1030918,M,25,North America,C
1030919,F,45,Asia,B
1030920,M,18,Europe,D
1030921,M,18,South America,D
1030922,M,25,Africa,C
1030923,M,25,Unknown,C
1030924,M,35,Asia,B
1030925,M,18,Unknown,D
1030926,M,25,Unknown,D
1030927,M,25,Africa,D
1030928,M,25,South America,D
1030929,F,18,Unknown,A
1030930,F,25,North America,D
1030931,M,25,Europe,A
1030932,M,35,Europe,B
1030933,M,25,Unknown,A
1030934,M,45,Unknown,A
1030935,M,18,Europe,A
1030936,M,18,Africa,B
1030937,M,25,Asia,B
1030938,M,18,North America,C
1030939,M,18,Europe,C
1030940,F,25,Unknown,C
1030941,M,18,North America,B
1030942,M,25,Africa,A
1030943,M,35,Europe,D
1030944,M,18,Africa,A
1030945,M,0,South America,D
1030946,M,18,Europe,B
1030947,F,18,Unknown,C
1030948,M,25,North America,C
1030949,M,18,Europe,B
1030950,M,18,Africa,D
1030951,M,18,Europe,C
1030952,M,25,Europe,D
1030953,M,25,North America,B
1030954,M,18,Unknown,A
1030955,M,25,Asia,D
1030956,M,25,North America,C
1030957,M,35,North America,C
1030958,M,25,North America,D
1030959,M,35,North America,A
1030960,F,25,North America,C
1030961,F,18,North America,D
1030962,M,25,North America,C
1030963,M,25,Africa,C
1030964,M,18,North America,C
1030965,M,18,North America,A
1030966,M,35,Unknown,C
1030967,M,35,North America,A
1030968,M,18,Europe,D
1030969,M,0,Unknown,D
1030970,M,35,North America,C
1030971,M,25,North America,A
1030972,M,18,North America,D
1030973,F,18,Asia,B
1030974,M,18,Europe,B
1030975,M,55,North America,C
1030976,M,18,North America,D
1030977,M,25,Asia,D
1030978,M,25,Unknown,C
1030979,F,18,Unknown,C
1030980,M,18,South America,D
1030981,M,25,Europe,D
1030982,M,18,Asia,D
1030983,M,35,Unknown,D
1030984,F,25,North America,C
1030985,M,25,North America,A
1030986,M,18,Unknown,C
1030987,M,18,North America,C
1030988,M,18,Asia,B
1030989,M,25,Asia,A
1030990,F,35,Africa,B
1030991,M,35,Europe,D
1030992,M,45,North America,D
1030993,F,25,North America,B
1030994,M,25,Europe,C
1030995,F,18,North America,A
1030996,M,35,Asia,C
1030997,M,25,Europe,B
1030998,M,25,North America,B
1030999,M,25,North America,B
1031000,F,25,Europe,C
1031001,M,35,North America,B
1031002,M,25,Europe,D
1031003,M,25,Asia,D
1031004,M,25,Europe,A
1031005,M,18,Asia,B
1031006,M,25,Asia,C
1031007,M,25,North America,D
1031008,M,18,North America,C
1031009,M,18,Asia,A
1031010,M,25,Unknown,C
1031011,M,0,Unknown,D
1031012,M,25,Europe,D
1031013,M,18,North America,C
1031014,M,18,Unknown,D
1031015,M,45,Unknown,D
1031016,M,25,North America,C
1031017,M,18,North America,C
1031018,F,25,North America,C
1031019,M,25,Unknown,B
1031020,M,25,North America,B
1031021,M,25,Unknown,D
1031022,M,25,Australia,B
1031023,M,25,North America,D
1031024,F,25,Unknown,D
1031025,M,18,North America,C
1031026,M,18,North America,D
1031027,M,25,Asia,C
1031028,M,18,Unknown,D
1031029,M,55,Asia,D
1031030,M,25,Unknown,C
1031031,M,25,Unknown,A
1031032,F,18,North America,D
1031033,M,18,Asia,B
1031034,M,55,Europe,D
1031035,M,35,Asia,C
1031036,M,25,Unknown,C
1031037,M,35,Europe,D
1031038,M,18,Unknown,C
1031039,M,35,Asia,B
1031040,M,25,Africa,D
1031041,M,18,North America,C
1031042,M,18,North America,C
1031043,M,45,North America,B
1031044,M,25,Europe,C
1031045,M,45,North America,C
1031046,M,25,Europe,D
1031047,M,25,Asia,C
1031048,F,18,North America,D
1031049,M,18,Asia,A
1031050,M,18,Europe,C
1031051,M,45,Asia,C
1031052,F,25,Africa,A
1031053,M,65,Asia,B
1031054,M,25,Europe,D
1031055,F,25,Europe,D
1031056,M,25,North America,A
1031057,M,18,Europe,B
1031058,M,25,Europe,B
1031059,M,25,North America,C
1031060,F,18,Africa,D
1031061,M,25,Europe,C
1031062,M,18,North America,B
1031063,M,25,Europe,D
1031064,M,25,South America,C
1031065,M,35,North America,A
1031066,M,25,North America,D
1031067,M,45,North America,B
1031068,M,25,Unknown,B
1031069,M,18,Unknown,D
1031070,F,35,Europe,C
1031071,M,18,Africa,C
1031072,M,25,Europe,C
1031073,M,18,South America,C
1031074,M,45,Africa,A
1031075,M,35,Europe,D
1031076,M,25,Africa,D
1031077,F,45,Europe,C
1031078,M,18,Europe,B
1031079,M,18,Europe,D
1031080,M,25,Unknown,A
1031081,M,18,Europe,D
1031082,M,25,Australia,C
1031083,M,18,North America,C
1031084,M,25,Unknown,D
1031085,M,25,Europe,C
1031086,F,18,Asia,B
1031087,M,18,Asia,D
1031088,F,25,North America,A
1031089,M,18,Europe,B
1031090,F,45,Unknown,C
1031091,F,55,Africa,B
1031092,M,18,Africa,C
1031093,M,25,Asia,C
1031094,M,45,Europe,C
1031095,M,35,North America,C
1031096,M,18,Africa,A
1031097,M,18,Asia,C
1031098,M,18,Asia,D
1031099,M,35,Africa,D
1031100,F,18,North America,D
1031101,M,35,North America,A
1031102,M,45,Africa,A
1031103,M,18,Europe,C
1031104,M,25,Unknown,A
1031105,F,25,North America,D
1031106,F,18,Europe,C
1031107,F,25,North America,C
1031108,M,25,North America,C
1031109,M,18,Europe,C
1031110,F,18,Africa,D
1031111,M,18,North America,D
1031112,M,35,Africa,D
1031113,M,25,North America,D
1031114,M,25,Unknown,A
1031115,M,35,North America,A
1031116,M,18,Europe,A
1031117,M,0,North America,A
1031118,M,18,Africa,A
1031119,M,18,North America,D
1031120,F,35,Unknown,B
1031121,M,18,Europe,B
1031122,M,18,Europe,C
1031123,F,18,North America,D
1031124,M,35,North America,C
1031125,M,18,South America,B
1031126,M,25,North America,C
1031127,F,18,Unknown,D
1031128,M,35,North America,C
1031129,M,25,North America,A
1031130,M,35,Europe,D
1031131,M,35,North America,B
1031132,F,25,Europe,A
1031133,M,25,Unknown,C
1031134,M,18,Unknown,C
1031135,M,18,Europe,B
1031136,M,35,North America,A
1031137,M,25,Unknown,D
1031138,M,25,North America,B
1031139,M,25,North America,B
1031140,M,18,North America,D
1031141,M,25,South America,B
1031142,M,25,North America,B
1031143,M,18,Europe,A
1031144,M,18,North America,D
1031145,M,35,Africa,D
1031146,M,25,Unknown,C
1031147,F,18,North America,B
1031148,F,25,Africa,C
1031149,M,25,South America,C
1031150,M,35,North America,B
1031151,M,18,Asia,B
1031152,M,45,South America,D
1031153,M,18,Europe,A
1031154,F,35,Asia,D
1031155,M,45,Unknown,B
1031156,M,55,North America,D
1031157,M,18,South America,C
1031158,M,25,Asia,A
1031159,M,25,Unknown,C
1031160,F,25,North America,C
1031161,M,18,South America,C
1031162,M,25,Africa,B
1031163,M,35,Unknown,D
1031164,M,18,North America,D
1031165,F,25,Africa,C
1031166,M,18,North America,D
1031167,M,18,North America,C
1031168,M,45,North America,C
1031169,M,25,Europe,C
1031170,M,25,Europe,C
1031171,F,25,South America,D
1031172,M,25,Unknown,C
1031173,M,25,North America,B
1031174,M,25,North America,D
1031175,M,45,Asia,A
1031176,F,55,North America,D
1031177,M,18,Asia,A
1031178,M,18,Unknown,B
1031179,M,25,North America,C
1031180,M,18,Europe,A
1031181,M,18,Asia,A
1031182,F,25,North America,B
1031183,M,18,Asia,C
1031184,F,25,North America,C
1031185,F,45,Unknown,D
1031186,M,35,North America,C
1031187,M,25,North America,A
1031188,M,25,North America,C
1031189,M,25,Unknown,C
1031190,M,25,Europe,C
1031191,M,25,Asia,B
1031192,M,35,Europe,A
1031193,M,18,Africa,D
1031194,F,25,North America,A
1031195,M,25,North America,B
1031196,F,25,Unknown,D
1031197,F,25,North America,C
1031198,M,25,Europe,C
1031199,M,18,Europe,A
1031200,F,25,North America,C
1031201,M,18,Europe,C
1031202,M,18,North America,D
1031203,F,18,North America,C
1031204,M,25,Unknown,D
1031205,M,35,Europe,C
1031206,M,18,North America,C
1031207,F,0,Europe,B
1031208,M,25,North America,C
1031209,M,35,Unknown,D
1031210,M,18,North America,A
1031211,F,25,Europe,D
1031212,M,18,Unknown,B
1031213,M,45,Unknown,B
1031214,M,35,Asia,D
1031215,M,25,Unknown,B
1031216,F,25,Africa,C
1031217,M,18,North America,A
1031218,F,25,Unknown,B
1031219,M,25,Africa,C
1031220,M,35,North America,D
1031221,M,25,North America,D
1031222,M,25,North America,C
1031223,M,18,North America,B
1031224,M,25,North America,C
1031225,M,18,North America,B
1031226,M,25,Africa,C
1031227,M,35,Asia,D
1031228,M,25,Europe,C
1031229,M,18,North America,C
1031230,F,25,Australia,D
1031231,F,18,Europe,B
1031232,F,35,North America,B
1031233,M,18,Unknown,A
1031234,M,18,Europe,D
1031235,M,18,South America,C
1031236,M,25,Unknown,A
1031237,F,25,South America,A
1031238,M,18,Europe,A
1031239,M,65,Europe,D
1031240,F,25,Unknown,C
1031241,M,25,Asia,B
1031242,M,25,North America,B
1031243,F,25,Unknown,A
1031244,M,35,Africa,C
1031245,M,25,Europe,C
1031246,M,25,North America,D
1031247,M,18,Europe,C
1031248,M,18,North America,D
1031249,M,25,Africa,A
1031250,M,18,North America,D
1031251,M,35,North America,B
1031252,M,25,Europe,C
1031253,M,25,Europe,C
1031254,M,18,Europe,D
1031255,F,45,Europe,D
1031256,F,18,Unknown,C
1031257,M,45,Asia,D
1031258,M,18,Europe,A
1031259,M,18,North America,D
1031260,F,18,Unknown,C
1031261,M,25,Africa,C
1031262,M,35,North America,D
1031263,F,18,North America,B
1031264,M,18,Asia,A
1031265,M,18,Africa,C
1031266,M,18,South America,C
1031267,F,18,North America,A
1031268,M,35,Asia,C
1031269,F,18,Unknown,D
1031270,M,18,Unknown,C
1031271,M,25,Africa,B
1031272,M,35,Unknown,D
1031273,F,18,Europe,D
1031274,M,18,Europe,B
1031275,F,18,Europe,D
1031276,F,18,North America,C
1031277,M,18,North America,C
1031278,M,18,Asia,B
1031279,M,18,Unknown,C
1031280,M,35,North America,A
1031281,M,35,Asia,A
1031282,M,25,Europe,A
1031283,M,18,Asia,B
1031284,F,35,North America,C
1031285,M,18,Unknown,A
1031286,M,18,Unknown,C
1031287,F,25,Asia,C
1031288,F,35,Asia,A
1031289,M,18,Asia,B
1031290,M,25,North America,C
1031291,M,25,North America,D
1031292,M,35,Unknown,A
1031293,M,18,North America,C
1031294,M,35,Europe,D
1031295,M,18,Africa,A
1031296,M,25,North America,D
1031297,M,25,North America,B
1031298,M,18,Africa,C
1031299,F,18,Europe,A
1031300,M,45,Europe,C
1031301,F,25,Asia,D
1031302,M,25,North America,C
1031303,M,25,North America,C
1031304,M,25,Europe,D
1031305,M,35,Unknown,D
1031306,M,25,South America,D
1031307,M,35,Asia,A
1031308,M,25,Europe,D
1031309,M,25,Asia,A
1031310,M,25,North America,C
1031311,F,25,Europe,A
1031312,F,35,Europe,D
1031313,F,18,North America,D
1031314,M,18,Europe,B
1031315,M,18,Europe,D
1031316,M,18,Africa,B
1031317,M,25,Europe,C
1031318,F,55,Europe,C
1031319,M,18,North America,A
1031320,F,25,North America,B
1031321,F,35,Unknown,D
1031322,F,18,Africa,A
1031323,M,18,South America,B
1031324,M,25,Europe,B
1031325,M,18,North America,C
1031326,M,18,North America,C
1031327,F,25,Unknown,C
1031328,M,25,South America,C
1031329,M,35,North America,C
1031330,M,35,South America,C
1031331,M,25,Europe,B
1031332,F,18,North America,A
1031333,F,0,South America,B
1031334,M,45,South America,D
1031335,M,18,Europe,B
1031336,F,25,North America,D
1031337,M,25,North America,B
1031338,M,25,Africa,C
1031339,M,0,Unknown,D
1031340,M,35,North America,C
1031341,M,0,Europe,A
1031342,M,25,Europe,D
1031343,M,18,Europe,C
1031344,M,25,Africa,B
1031345,M,0,Unknown,C
1031346,M,18,North America,C
1031347,M,35,Europe,C
1031348,M,18,Asia,C
1031349,M,18,North America,B
1031350,M,35,Asia,C
1031351,F,35,Europe,B
1031352,M,25,Unknown,C
1031353,M,18,Europe,D
1031354,M,45,Africa,C
1031355,M,25,Unknown,C
1031356,M,25,Asia,A
1031357,F,35,Unknown,B
1031358,M,18,Europe,A
1031359,M,18,Asia,A
1031360,M,55,Africa,D
1031361,M,18,North America,D
1031362,M,18,South America,B
1031363,M,25,Unknown,C
1031364,M,35,South America,A
1031365,M,55,Unknown,D
1031366,M,18,North America,A
1031367,M,18,Asia,D
1031368,M,18,Unknown,D
1031369,M,25,Unknown,B
1031370,M,55,Europe,D
1031371,M,25,Asia,B
1031372,M,35,Asia,C
1031373,M,35,Unknown,C
1031374,M,35,South America,D
1031375,M,45,Europe,C
1031376,M,35,North America,C
1031377,M,25,Asia,B
1031378,M,25,North America,A
1031379,M,25,Africa,D
1031380,M,18,Europe,C
1031381,M,18,Asia,A
1031382,F,35,Unknown,C
1031383,M,25,North America,D
1031384,M,25,Asia,D
1031385,M,18,South America,C
1031386,M,35,North America,C
1031387,M,18,Asia,D
1031388,M,55,Africa,D
1031389,M,35,South America,C
1031390,M,45,Unknown,C
1031391,M,25,North America,A
1031392,M,25,Europe,C
1031393,M,18,Africa,B
1031394,M,18,Asia,A
1031395,F,25,Europe,C
1031396,M,55,North America,D
1031397,F,25,South America,C
1031398,M,18,Africa,B
1031399,M,18,North America,C
1031400,M,35,North America,D
1031401,M,25,Europe,A
1031402,M,25,North America,D
1031403,M,18,North America,C
1031404,M,18,North America,D
1031405,M,25,Asia,A
1031406,M,18,North America,C
1031407,M,45,North America,D
1031408,M,18,Africa,A
1031409,M,45,North America,C
1031410,M,18,North America,A
1031411,M,18,North America,C
1031412,M,25,Unknown,B
1031413,M,25,North America,D
1031414,M,35,Asia,C
1031415,M,18,Africa,C
1031416,M,25,Asia,D
1031417,M,25,Europe,D
1031418,M,18,North America,C
1031419,M,25,South America,B
1031420,M,65,Unknown,D
1031421,M,18,South America,A
1031422,M,25,North America,D
1031423,M,18,Unknown,C
1031424,M,25,North America,A
1031425,F,18,Europe,B
1031426,M,0,North America,D
1031427,F,55,Asia,D
1031428,F,25,Australia,A
1031429,F,18,North America,B
1031430,M,35,North America,A
1031431,M,18,North America,C
1031432,M,18,Unknown,D
1031433,F,25,Unknown,D
1031434,M,25,Africa,C
1031435,F,18,North America,B
1031436,M,25,Europe,A
1031437,M,18,Australia,C
1031438,M,18,North America,D
1031439,M,35,South America,C
1031440,M,25,North America,A
1031441,M,25,North America,C
1031442,F,18,North America,C
1031443,M,25,Europe,D
1031444,F,25,Europe,B
1031445,F,18,North America,B
1031446,M,35,Unknown,C
1031447,M,45,North America,D
1031448,M,25,North America,A
1031449,M,45,Africa,B
1031450,M,25,North America,B
1031451,M,25,Asia,A
1031452,F,25,Europe,B
1031453,M,25,South America,D
1031454,M,0,Europe,C
1031455,F,35,Unknown,C
1031456,F,25,Europe,C
1031457,M,25,Europe,C
1031458,M,45,Europe,D
1031459,F,18,Europe,D
1031460,F,45,Asia,C
1031461,F,25,North America,D
1031462,F,25,Europe,B
1031463,M,18,Asia,A
1031464,F,18,North America,C
1031465,M,25,Europe,B
1031466,M,45,Europe,D
1031467,M,18,Africa,C
1031468,F,25,Unknown,B
1031469,F,25,Unknown,A
1031470,F,25,Asia,D
1031471,M,18,North America,B
1031472,M,35,North America,A
1031473,M,35,Unknown,D
1031474,M,25,Unknown,B
1031475,M,18,North America,C
1031476,F,35,North America,B
1031477,M,25,Europe,D
1031478,F,25,North America,C
1031479,M,25,North America,B
1031480,M,18,Unknown,A
1031481,M,25,Europe,C
1031482,M,25,Asia,D
1031483,M,35,Unknown,C
1031484,F,25,South America,D
1031485,M,18,Unknown,C
1031486,M,35,North America,D
1031487,F,18,North America,A
1031488,M,18,North America,D
1031489,F,18,Asia,C
1031490,M,45,Asia,C
1031491,M,25,Europe,D
1031492,M,25,Unknown,D
1031493,M,0,Australia,D
1031494,M,18,North America,B
1031495,M,18,Asia,C
1031496,F,45,North America,B
1031497,M,25,Europe,C
1031498,M,25,Europe,B
1031499,M,25,Europe,D
1031500,F,35,Unknown,C
1031501,M,65,Europe,D
1031502,M,45,Europe,C
1031503,F,18,South America,B
1031504,M,45,Africa,D
1031505,M,55,North America,D
1031506,F,35,Unknown,D
1031507,M,25,Europe,C
1031508,M,35,Unknown,B
1031509,M,18,Europe,D
1031510,M,25,North America,C
1031511,F,35,North America,C
1031512,M,18,North America,C
1031513,M,25,Unknown,A
1031514,M,18,North America,D
1031515,M,25,North America,A
1031516,M,25,South America,D
1031517,F,25,Asia,A
1031518,M,35,Unknown,B
1031519,M,18,North America,D
1031520,M,45,South America,C
1031521,M,18,North America,C
1031522,F,25,North America,C
1031523,M,0,Africa,C
1031524,M,35,North America,C
1031525,F,18,North America,D
1031526,M,25,North America,D
1031527,M,25,North America,C
1031528,M,25,North America,D
1031529,M,18,North America,C
1031530,M,18,North America,C
1031531,M,18,Europe,B
1031532,M,55,Africa,B
1031533,M,35,Europe,C
1031534,M,25,North America,D
1031535,M,25,North America,C
1031536,M,18,Africa,D
1031537,M,35,North America,A
1031538,M,45,North America,A
1031539,M,18,North America,C
1031540,M,25,North America,B
1031541,M,18,Europe,C
1031542,F,18,South America,C
1031543,M,25,Asia,A
1031544,M,18,Australia,C
1031545,M,25,Europe,D
1031546,F,35,North America,D
1031547,M,25,Asia,C
1031548,F,25,Unknown,C
1031549,M,25,North America,A
1031550,F,18,North America,B
1031551,M,35,Europe,B
1031552,M,18,North America,D
1031553,M,25,North America,C
1031554,M,55,Asia,C
1031555,F,18,North America,C
1031556,M,25,South America,B
1031557,M,25,Europe,C
1031558,M,18,North America,B
1031559,F,35,Africa,A
1031560,F,18,Asia,A
1031561,M,25,Asia,C
1031562,M,18,Asia,C
1031563,M,25,Unknown,D
1031564,M,35,Asia,B
1031565,M,25,North America,A
1031566,M,25,Asia,D
1031567,F,18,Africa,C
1031568,M,18,Europe,A
1031569,M,25,Europe,D
1031570,M,25,Africa,A
1031571,M,25,Europe,B
1031572,M,18,North America,D
1031573,F,0,Europe,C
1031574,M,18,North America,C
1031575,M,18,Unknown,D
1031576,F,25,Asia,C
1031577,M,25,Europe,B
1031578,M,18,Asia,C
1031579,M,45,Africa,C
1031580,M,35,North America,B
1031581,M,35,Unknown,A
1031582,F,35,North America,A
1031583,M,0,North America,C
1031584,M,25,Unknown,D
1031585,M,35,Europe,B
1031586,M,25,Africa,C
1031587,M,35,Unknown,C
1031588,M,25,Europe,A
1031589,M,35,Africa,A
1031590,M,25,Unknown,D
1031591,M,25,Africa,B
1031592,M,25,Europe,C
1031593,M,65,North America,D
1031594,M,18,North America,C
1031595,M,35,Asia,A
1031596,M,25,North America,D
1031597,M,18,North America,C
1031598,M,35,South America,D
1031599,F,65,Unknown,D
1031600,M,25,South America,B
1031601,M,18,North America,C
1031602,M,25,Africa,D
1031603,M,25,Europe,D
1031604,M,65,Unknown,A
1031605,M,25,North America,C
1031606,M,45,North America,B
1031607,M,45,Unknown,C
1031608,F,18,Asia,D
1031609,M,18,Unknown,B
1031610,M,35,North America,B
1031611,M,45,Unknown,C
1031612,F,18,Europe,B
1031613,M,25,Africa,C
1031614,F,45,Africa,A
1031615,M,25,Unknown,C
1031616,M,25,Europe,D
1031617,M,18,Unknown,A
1031618,M,18,North America,D
1031619,M,35,South America,D
1031620,M,18,North America,C
1031621,M,25,Europe,D
1031622,M,18,Unknown,C
1031623,M,25,Africa,C
1031624,M,35,Asia,B
1031625,M,25,Asia,C
1031626,M,25,Europe,D
1031627,F,25,North America,B
1031628,M,18,Asia,D
1031629,F,35,Asia,B
1031630,M,25,Africa,B
1031631,M,25,Africa,D
1031632,M,0,Europe,D
1031633,M,25,Europe,A
1031634,M,18,North America,B
1031635,M,25,Asia,C
1031636,M,45,North America,D
1031637,M,18,Europe,B
1031638,F,18,North America,D
1031639,M,18,Africa,B
1031640,M,35,North America,D
1031641,M,35,Asia,C
1031642,M,18,South America,C
1031643,M,55,North America,D
1031644,M,18,Unknown,B
1031645,M,45,North America,D
1031646,M,45,South America,C
1031647,F,25,Asia,B
1031648,M,25,South America,C
1031649,M,25,Unknown,C
1031650,M,18,North America,B
1031651,F,25,North America,D
1031652,M,18,Europe,D
1031653,F,18,Asia,D
1031654,M,18,Unknown,D
1031655,M,25,Europe,C
1031656,M,25,Europe,B
1031657,M,18,South America,D
1031658,M,0,North America,C
1031659,M,55,Asia,B
1031660,M,18,North America,C
1031661,M,25,Europe,C
1031662,M,25,North America,B
1031663,M,25,Unknown,B
1031664,F,18,Europe,D
1031665,M,25,Africa,B
1031666,M,18,North America,C
1031667,M,18,Europe,D
1031668,M,0,Unknown,C
1031669,M,25,Europe,C
1031670,M,45,North America,A
1031671,M,18,Asia,C
1031672,M,18,North America,B
1031673,M,45,South America,A
1031674,M,18,Asia,D
1031675,F,45,South America,C
1031676,M,25,North America,A
1031677,M,35,Unknown,C
1031678,M,18,North America,A
1031679,F,35,Europe,C
1031680,M,18,Asia,D
1031681,M,18,North America,A
1031682,M,25,North America,D
1031683,F,25,North America,C
1031684,F,55,Asia,C
1031685,M,25,South America,A
1031686,M,25,North America,A
1031687,F,35,Unknown,C
1031688,M,18,North America,A
1031689,F,25,Asia,C
1031690,M,18,South America,C
1031691,M,25,Unknown,D
1031692,M,18,Asia,D
1031693,F,45,Asia,C
1031694,M,18,North America,B
1031695,M,25,Europe,B
1031696,M,25,North America,A
1031697,M,0,North America,C
1031698,M,25,North America,B
1031699,M,25,North America,D
1031700,F,25,Asia,C
1031701,M,45,Unknown,C
1031702,M,35,North America,C
1031703,M,25,Europe,D
1031704,F,35,Africa,D
1031705,M,35,North America,B
1031706,M,55,North America,A
1031707,M,18,Europe,C
1031708,M,18,North America,C
1031709,M,18,North America,C
1031710,M,45,North America,C
1031711,M,25,North America,C
1031712,M,18,North America,C
1031713,M,18,North America,B
1031714,M,25,Europe,A
1031715,M,18,South America,D
1031716,M,25,Africa,B
1031717,F,35,Unknown,C
1031718,F,0,Europe,D
1031719,M,18,North America,C
1031720,M,25,Asia,A
1031721,M,45,Africa,C
1031722,M,25,Unknown,A
1031723,M,25,Australia,D
1031724,M,18,Unknown,B
1031725,M,35,Europe,D
1031726,M,18,Europe,D
1031727,M,18,North America,A
1031728,M,25,Europe,C
1031729,M,45,North America,A
1031730,M,25,North America,C
1031731,M,35,North America,C
1031732,F,25,North America,D
1031733,F,18,North America,D
1031734,M,18,North America,C
1031735,M,18,North America,D
1031736,M,18,Unknown,C
1031737,M,18,Europe,A
1031738,M,25,Unknown,B
1031739,M,35,North America,B
1031740,M,18,Unknown,C
1031741,M,25,North America,B
1031742,M,35,Africa,A
1031743,M,18,North America,B
1031744,M,18,North America,B
1031745,M,55,North America,A
1031746,F,25,North America,B
1031747,M,18,Europe,D
1031748,M,18,Europe,D
1031749,M,45,Asia,B
1031750,M,25,Europe,A
1031751,M,25,Europe,C
1031752,M,25,South America,B
1031753,F,25,Africa,A
1031754,M,35,North America,D
1031755,M,25,North America,C
1031756,M,25,Europe,B
1031757,F,25,Unknown,A
1031758,M,35,North America,C
1031759,M,18,Australia,C
1031760,M,18,Asia,B
1031761,M,25,North America,D
1031762,M,35,North America,A
1031763,M,25,Africa,A
1031764,F,18,Africa,C
1031765,M,45,Africa,A
1031766,F,25,Europe,B
1031767,M,25,North America,D
1031768,M,25,South America,C
1031769,F,25,Unknown,C
1031770,M,18,Europe,C
1031771,M,25,Asia,A
1031772,F,25,Unknown,A
1031773,M,35,North America,B
1031774,F,25,Africa,A
1031775,F,18,Europe,C
1031776,M,25,Australia,B
1031777,M,18,South America,A
1031778,M,18,Asia,C
1031779,F,18,Europe,C
1031780,M,0,North America,C
1031781,M,35,North America,A
1031782,F,25,Europe,B
1031783,M,25,Africa,C
1031784,M,25,South America,B
1031785,F,18,Unknown,A
1031786,F,25,Unknown,A
1031787,M,35,Europe,D
1031788,M,25,North America,D
1031789,M,18,Unknown,B
1031790,M,18,Africa,B
1031791,M,65,Unknown,A
1031792,F,18,North America,A
1031793,M,35,North America,A
1031794,M,25,Europe,C
1031795,M,18,Europe,B
1031796,M,18,Europe,D
1031797,M,18,Unknown,A
1031798,M,35,Europe,D
1031799,M,25,Asia,D
1031800,M,35,North America,B
1031801,M,45,Unknown,D
1031802,M,25,South America,C
1031803,M,55,Asia,A
1031804,M,35,Europe,C
1031805,M,25,Asia,C
1031806,M,18,North America,D
1031807,M,55,Europe,C
1031808,M,35,Asia,C
1031809,M,35,North America,A
1031810,M,35,Europe,A
1031811,M,18,South America,D
1031812,M,25,North America,A
1031813,M,45,Europe,C
1031814,M,25,North America,B
1031815,M,18,South America,A
1031816,M,25,Unknown,A
1031817,M,55,North America,A
1031818,M,25,Africa,C
1031819,M,55,Europe,D
1031820,F,25,Asia,C
1031821,M,45,Europe,A
1031822,M,45,Europe,D
1031823,M,25,North America,C
1031824,M,25,Africa,C
1031825,F,35,Europe,C
1031826,M,25,Europe,C
1031827,F,18,South America,D
1031828,M,35,Europe,C
1031829,M,18,Africa,A
1031830,M,35,North America,D
1031831,F,55,South America,C
1031832,M,25,Europe,A
1031833,M,25,Asia,A
1031834,M,25,North America,D
1031835,M,35,Africa,C
1031836,F,18,North America,D
1031837,M,18,Europe,C
1031838,F,35,Unknown,C
1031839,M,25,Unknown,C
1031840,M,25,Asia,D
1031841,M,35,North America,A
1031842,M,0,Unknown,C
1031843,M,25,North America,A
1031844,F,25,Africa,B
1031845,M,0,North America,D
1031846,M,65,Europe,B
1031847,M,35,Europe,B
1031848,M,18,Africa,D
1031849,M,18,Europe,A
1031850,F,25,North America,A
1031851,M,25,North America,C
1031852,M,35,Australia,D
1031853,M,18,North America,C
1031854,M,25,North America,D
1031855,M,25,North America,D
1031856,F,25,Asia,D
1031857,F,35,Europe,C
1031858,F,45,North America,C
1031859,M,18,North America,A
1031860,M,45,South America,A
1031861,M,45,North America,A
1031862,F,25,North America,A
1031863,M,25,North America,C
1031864,M,35,Unknown,A
1031865,M,45,Unknown,D
1031866,M,18,Europe,C
1031867,M,18,Asia,B
1031868,M,35,Europe,C
1031869,M,25,North America,B
1031870,M,18,Australia,A
1031871,M,18,South America,A
1031872,M,25,North America,B
1031873,F,25,Asia,C
1031874,F,0,North America,C
1031875,M,18,North America,D
1031876,M,35,North America,C
1031877,M,25,Europe,C
1031878,M,18,Asia,C
1031879,M,25,Africa,A
1031880,M,35,Europe,C
1031881,M,35,Asia,B
1031882,M,25,North America,D
1031883,M,18,Europe,D
1031884,M,25,Africa,D
1031885,F,45,North America,D
1031886,M,45,Europe,D
1031887,M,35,North America,A
1031888,M,18,North America,A
1031889,M,25,North America,C
1031890,M,35,Europe,A
1031891,F,25,North America,B
1031892,M,35,Europe,D
1031893,M,45,South America,D
1031894,M,55,Unknown,A
1031895,F,25,Europe,C
1031896,M,35,North America,C
1031897,M,45,North America,C
1031898,M,18,Unknown,B
1031899,M,25,Asia,C
1031900,M,55,Asia,A
1031901,M,18,Unknown,C
1031902,F,25,Unknown,C
1031903,M,18,Europe,A
1031904,F,25,Asia,C
1031905,M,25,North America,C
1031906,M,35,Europe,A
1031907,F,25,North America,C
1031908,M,35,North America,C
1031909,F,25,Europe,D
1031910,F,45,Asia,C
1031911,M,35,Africa,B
1031912,M,18,North America,C
1031913,M,25,North America,B
1031914,M,25,North America,C
1031915,M,25,Europe,D
1031916,M,18,Asia,C
1031917,M,18,Unknown,C
1031918,M,18,Unknown,B
1031919,M,25,North America,C
1031920,M,45,North America,C
1031921,F,45,Africa,B
1031922,M,45,Europe,D
1031923,M,18,Asia,B
1031924,M,35,Unknown,D
1031925,M,18,North America,D
1031926,M,55,Asia,A
1031927,M,18,Europe,D
1031928,F,18,North America,D
1031929,M,18,North America,D
1031930,M,35,South America,D
1031931,F,25,Asia,D
1031932,M,25,North America,B
1031933,M,25,North America,B
1031934,M,25,Unknown,B
1031935,M,25,North America,C
1031936,M,18,Europe,B
1031937,M,25,North America,C
1031938,F,25,South America,D
1031939,M,25,Europe,B
1031940,M,25,Asia,D
1031941,M,45,North America,D
1031942,M,35,Unknown,D
1031943,M,25,Asia,D
1031944,M,25,Europe,D
1031945,M,25,Unknown,C
1031946,M,18,Asia,C
1031947,M,25,Europe,A
1031948,M,45,North America,A
1031949,M,18,North America,A
1031950,M,35,Africa,C
1031951,M,18,Europe,B
1031952,M,35,Unknown,C
1031953,F,18,North America,A
1031954,M,25,South America,D
1031955,M,18,North America,C
1031956,M,25,North America,B
1031957,F,25,Unknown,C
1031958,M,25,Africa,A
1031959,M,35,North America,D
1031960,M,25,North America,C
1031961,M,25,Unknown,A
1031962,M,25,Europe,D
1031963,M,18,North America,B
1031964,M,55,Europe,B
1031965,M,25,Europe,C
1031966,F,18,Unknown,C
1031967,M,25,Unknown,B
1031968,M,55,North America,C
1031969,F,18,Europe,B
1031970,M,25,North America,A
1031971,M,55,North America,C
1031972,M,35,North America,C
1031973,M,25,Asia,C
1031974,F,35,North America,C
1031975,F,18,Unknown,D
1031976,M,25,Europe,C
1031977,M,18,Europe,A
1031978,M,25,North America,C
1031979,M,35,Unknown,B
1031980,M,25,Europe,C
1031981,M,25,North America,B
1031982,M,25,South America,C
1031983,F,35,North America,C
1031984,F,25,Asia,B
1031985,M,25,Africa,C
1031986,M,25,North America,A
1031987,M,25,Africa,B
1031988,F,35,Unknown,C
1031989,M,35,North America,B
1031990,F,25,Africa,D
1031991,M,25,Africa,C
1031992,M,45,North America,C
1031993,M,18,Asia,D
1031994,M,55,Asia,D
1031995,M,35,Europe,B
1031996,M,35,North America,C
1031997,F,35,Africa,C
1031998,M,25,North America,C
1031999,M,18,Asia,D
1032000,M,25,Unknown,B
1032001,M,35,Europe,D
1032002,F,35,Europe,C
1032003,M,25,Europe,A
1032004,F,18,South America,C
1032005,M,18,Asia,B
1032006,M,18,Africa,D
1032007,M,25,North America,B
1032008,M,55,Unknown,C
1032009,M,25,Europe,B
1032010,M,18,North America,A
1032011,M,35,Europe,C
1032012,M,25,Asia,B
1032013,F,18,Africa,A
1032014,M,55,Europe,A
1032015,F,45,North America,D
1032016,M,25,North America,C
1032017,M,18,Unknown,B
1032018,M,45,Europe,D
1032019,M,35,North America,D
1032020,M,25,Europe,A
1032021,M,18,North America,C
1032022,M,18,Africa,A
1032023,M,45,South America,C
1032024,M,0,North America,D
1032025,M,25,Unknown,B
1032026,M,18,South America,B
1032027,M,18,Asia,D
1032028,M,18,North America,B
1032029,M,25,North America,C
1032030,M,25,North America,C
1032031,M,35,Europe,C
1032032,M,18,North America,C
1032033,M,35,South America,C
1032034,M,25,North America,B
1032035,M,25,Unknown,C
1032036,M,25,Europe,D
1032037,F,18,Australia,A
1032038,M,18,North America,C
1032039,M,25,Europe,B
1032040,M,25,Unknown,C
1032041,M,55,Europe,B
1032042,M,35,Europe,A
1032043,M,25,Europe,A
1032044,M,18,Europe,D
1032045,F,25,North America,C
1032046,M,18,North America,C
1032047,M,18,Unknown,D
1032048,M,18,Europe,B
1032049,M,25,Europe,C
1032050,M,25,Unknown,C
1032051,F,25,Europe,A
1032052,M,18,Europe,C
1032053,F,25,North America,D
1032054,M,18,Unknown,C
1032055,F,25,Europe,A
1032056,M,18,Europe,C
1032057,M,35,North America,A
1032058,M,18,Europe,A
1032059,M,35,Europe,D
1032060,M,25,Africa,C
1032061,M,0,Europe,D
1032062,F,18,North America,C
1032063,M,35,Unknown,C
1032064,M,65,Africa,D
1032065,F,45,Europe,C
1032066,M,25,North America,C
1032067,F,25,Asia,A
1032068,F,25,North America,B
1032069,M,25,Africa,D
1032070,M,55,North America,C
1032071,M,25,Unknown,C
1032072,F,18,Europe,A
1032073,M,55,North America,A
1032074,M,18,South America,C
1032075,M,25,Unknown,C
1032076,F,25,Europe,B
1032077,F,25,North America,C
1032078,M,45,Europe,C
1032079,M,18,North America,C
1032080,M,25,Europe,C
1032081,M,18,Unknown,D
1032082,M,25,Unknown,D
1032083,M,35,Unknown,D
1032084,M,55,Asia,D
1032085,M,18,Africa,D
1032086,M,45,Europe,C
1032087,M,35,Asia,C
1032088,M,25,Asia,C
1032089,M,25,Europe,D
1032090,M,25,Europe,C
1032091,F,0,North America,A
1032092,M,18,North America,A
1032093,M,18,Unknown,C
1032094,F,35,Unknown,D
1032095,M,25,South America,A
1032096,M,18,Unknown,B
1032097,M,0,North America,A
1032098,M,18,North America,D
1032099,M,65,Asia,C
1032100,M,25,Europe,D
1032101,M,45,Europe,A
1032102,F,35,North America,D
1032103,M,35,Asia,B
1032104,M,18,Africa,A
1032105,M,55,North America,C
1032106,M,18,Africa,D
1032107,M,45,Africa,C
1032108,M,25,Asia,C
1032109,M,18,Europe,B
1032110,M,35,Europe,B
1032111,M,18,Europe,C
1032112,M,25,Europe,C
1032113,M,18,Africa,C
1032114,M,25,North America,C
1032115,M,25,North America,D
1032116,M,25,Europe,C
1032117,F,25,Asia,B
1032118,M,18,Europe,D
1032119,M,18,Africa,A
1032120,M,25,Europe,C
1032121,M,25,Europe,C
1032122,F,35,North America,B
1032123,F,18,North America,D
1032124,M,18,Africa,C
1032125,M,18,Africa,C
1032126,M,35,North America,A
1032127,M,18,Africa,A
1032128,F,35,Unknown,A
1032129,M,45,North America,C
1032130,M,18,South America,B
1032131,M,25,North America,C
1032132,M,25,North America,C
1032133,M,18,South America,D
1032134,M,25,North America,C
1032135,M,18,Asia,C
1032136,M,25,Asia,C
1032137,M,55,North America,D
1032138,M,18,Unknown,A
1032139,M,25,Asia,B
1032140,F,35,Unknown,A
1032141,M,25,Asia,C
1032142,F,18,North America,D
1032143,F,25,North America,D
1032144,M,25,Africa,A
1032145,M,25,Europe,C
1032146,M,18,Europe,D
1032147,M,18,Europe,A
1032148,M,35,Europe,D
1032149,M,18,Unknown,D
1032150,F,25,Unknown,A
1032151,M,18,North America,D
1032152,M,25,Europe,C
1032153,M,18,North America,C
1032154,F,25,North America,C
1032155,M,25,Unknown,A
1032156,M,0,North America,D
1032157,M,25,Unknown,B
1032158,M,25,North America,C
1032159,M,25,North America,D
1032160,M,18,North America,A
1032161,M,18,Europe,D
1032162,M,18,Africa,D
1032163,M,25,Asia,C
1032164,F,25,Europe,D
1032165,M,35,Africa,C
1032166,M,35,Europe,C
1032167,M,35,North America,C
1032168,M,25,Unknown,D
1032169,M,25,North America,C
1032170,M,35,Unknown,B
1032171,M,18,North America,A
1032172,M,25,Unknown,D
1032173,M,35,Europe,B
1032174,F,45,North America,B
1032175,M,55,North America,C
1032176,M,25,Africa,C
1032177,M,35,North America,C
1032178,M,25,South America,C
1032179,M,18,Unknown,D
1032180,M,18,Africa,A
1032181,M,25,Europe,C
1032182,M,35,North America,D
1032183,F,45,Asia,C
1032184,F,18,North America,D
1032185,F,35,Unknown,A
1032186,M,18,North America,C
1032187,F,35,Asia,B
1032188,M,18,Unknown,A
1032189,F,25,North America,D
1032190,M,35,Europe,D
1032191,M,0,Africa,A
1032192,F,18,Europe,D
1032193,M,35,Asia,C
1032194,M,45,North America,C
1032195,F,35,North America,D
1032196,F,35,Africa,A
1032197,M,25,North America,A
1032198,F,18,Europe,A
1032199,F,18,Asia,B
1032200,M,25,North America,B
1032201,M,25,North America,C
1032202,F,25,Europe,A
1032203,M,25,North America,A
1032204,F,18,North America,C
1032205,M,45,North America,A
1032206,F,25,North America,A
1032207,F,25,Europe,C
1032208,F,0,Europe,D
1032209,F,35,Europe,C
1032210,F,18,Europe,A
1032211,F,35,North America,C
1032212,M,18,Africa,A
1032213,M,18,Asia,C
1032214,F,18,Unknown,C
1032215,M,35,Asia,A
1032216,M,35,North America,C
1032217,M,35,Europe,C
1032218,M,18,Europe,C
1032219,F,18,North America,C
1032220,F,18,Africa,D
1032221,F,35,Asia,C
1032222,M,18,Asia,C
1032223,F,18,Europe,C
1032224,M,25,Europe,D
1032225,M,18,Europe,C
1032226,M,35,South America,C
1032227,F,18,Unknown,A
1032228,M,35,Australia,C
1032229,M,25,Asia,D
1032230,M,25,Asia,D
1032231,M,25,Unknown,A
1032232,M,25,Asia,A
1032233,F,25,North America,C
1032234,F,35,Australia,C
1032235,M,18,Africa,B
1032236,M,45,Asia,C
1032237,M,25,North America,B
1032238,F,65,North America,D
1032239,M,25,Europe,B
1032240,M,18,Europe,D
1032241,M,18,North America,B
1032242,M,25,North America,B
1032243,M,55,North America,A
1032244,M,35,North America,B
1032245,M,35,North America,C
1032246,M,55,Asia,D
1032247,M,45,North America,D
1032248,F,25,Europe,D
1032249,F,25,Europe,C
1032250,M,25,North America,D
1032251,M,35,Europe,D
1032252,F,25,North America,D
1032253,M,25,North America,D
1032254,M,18,Africa,C
1032255,M,25,Europe,C
1032256,M,18,Europe,D
1032257,M,25,North America,C
1032258,M,18,Unknown,B
1032259,M,25,North America,C
1032260,M,18,Asia,C
1032261,M,18,Europe,D
1032262,F,18,Asia,C
1032263,M,25,North America,C
1032264,M,25,North America,A
1032265,F,0,North America,A
1032266,F,35,North America,C
1032267,M,25,North America,B
1032268,M,25,North America,C
1032269,M,25,Africa,A
1032270,M,35,Africa,C
1032271,M,25,Unknown,C
1032272,M,18,Asia,C
1032273,F,25,North America,C
1032274,F,18,Europe,B
1032275,M,25,North America,B
1032276,F,25,North America,A
1032277,M,35,North America,C
1032278,M,25,North America,C
1032279,M,45,Asia,B
1032280,F,35,North America,A
1032281,M,25,North America,D
1032282,M,18,Unknown,C
1032283,F,35,Asia,C
1032284,M,18,North America,A
1032285,M,25,Unknown,B
1032286,F,45,Asia,B
1032287,F,25,North America,C
1032288,M,55,Unknown,D
1032289,M,25,Europe,D
1032290,M,35,Africa,D
1032291,M,25,North America,D
1032292,F,35,North America,D
1032293,M,25,North America,B
1032294,M,18,Europe,B
1032295,M,35,Unknown,B
1032296,M,45,South America,A
1032297,M,25,Africa,C
1032298,F,18,North America,C
1032299,M,18,North America,A
1032300,M,18,North America,D
1032301,M,25,Europe,B
1032302,M,18,Europe,B
1032303,F,18,Africa,D
1032304,M,25,North America,D
1032305,M,25,Europe,A
1032306,M,18,Africa,B
1032307,M,18,Europe,C
1032308,M,35,South America,C
1032309,M,35,Unknown,C
1032310,F,18,South America,A
1032311,M,25,Asia,D
1032312,M,35,Asia,C
1032313,M,25,North America,A
1032314,M,45,North America,B
1032315,M,18,Europe,B
1032316,M,25,North America,C
1032317,M,18,Unknown,A
1032318,M,18,Africa,A
1032319,M,25,Unknown,A
1032320,M,25,North America,A
1032321,M,45,South America,D
1032322,M,18,Europe,D
1032323,F,0,Unknown,B
1032324,M,25,Asia,B
1032325,M,35,Unknown,C
1032326,F,25,Unknown,B
1032327,M,25,Africa,C
1032328,M,35,Asia,C
1032329,F,25,North America,A
1032330,M,18,Unknown,D
1032331,F,45,Unknown,C
1032332,M,18,South America,D
1032333,F,25,Asia,D
1032334,M,25,North America,D
1032335,F,35,North America,C
1032336,M,25,Europe,D
1032337,M,35,Asia,C
1032338,M,35,North America,D
1032339,M,18,North America,A
1032340,M,45,North America,B
1032341,M,18,North America,C
1032342,M,25,North America,D
1032343,M,18,North America,B
1032344,M,18,Asia,A
1032345,F,25,Unknown,B
1032346,M,18,Asia,D
1032347,M,25,South America,B
1032348,M,18,Asia,C
1032349,M,25,Asia,B
1032350,M,18,Europe,A
1032351,M,18,Europe,C
1032352,M,18,Europe,B
1032353,M,18,North America,A
1032354,M,0,North America,A
1032355,M,18,North America,D
1032356,M,25,Asia,B
1032357,M,35,North America,D
1032358,M,18,Europe,B
1032359,M,25,Asia,D
1032360,M,18,Europe,D
1032361,M,18,Europe,B
1032362,F,35,North America,C
1032363,M,35,Asia,B
1032364,M,25,Unknown,A
1032365,F,18,North America,D
1032366,M,18,North America,C
1032367,M,35,North America,B
1032368,M,45,Africa,D
1032369,M,25,Asia,D
1032370,M,25,Europe,A
1032371,M,55,Europe,D
1032372,F,55,Unknown,C
1032373,M,18,Unknown,C
1032374,M,18,Europe,C
1032375,M,25,Europe,C
1032376,F,55,Europe,D
1032377,F,45,Unknown,D
1032378,M,25,Europe,C
1032379,M,25,Unknown,D
1032380,M,45,Unknown,D
1032381,M,25,North America,C
1032382,M,0,North America,C
1032383,M,18,North America,D
1032384,M,45,Africa,A
1032385,M,25,North America,C
1032386,M,35,Africa,A
1032387,M,35,North America,B
1032388,M,25,North America,C
1032389,M,25,Europe,D
1032390,M,25,Unknown,D
1032391,M,18,North America,B
1032392,M,25,Unknown,C
1032393,M,18,Unknown,D
1032394,M,18,North America,C
1032395,M,25,South America,C
1032396,M,18,Europe,C
1032397,M,25,Europe,B
1032398,M,18,Europe,D
1032399,F,35,Europe,A
1032400,F,35,Europe,A
1032401,M,25,Unknown,A
1032402,M,25,South America,C
1032403,M,18,Europe,A
1032404,M,18,South America,C
1032405,M,0,Africa,B
1032406,M,25,North America,A
1032407,M,25,North America,C
1032408,M,25,Europe,A
1032409,M,45,Unknown,A
1032410,M,35,Asia,A
1032411,M,25,Europe,A
1032412,M,35,Unknown,C
1032413,M,18,Asia,D
1032414,M,18,Europe,A
1032415,M,55,Europe,C
1032416,M,25,Europe,C
1032417,M,25,North America,D
1032418,M,25,North America,A
1032419,M,18,North America,A
1032420,M,25,North America,C
1032421,M,25,South America,A
1032422,M,18,Europe,C
1032423,M,18,North America,D
1032424,M,18,Asia,C
1032425,M,45,North America,D
1032426,M,18,North America,D
1032427,M,18,Asia,A
1032428,M,35,Unknown,A
1032429,M,18,Europe,C
1032430,M,25,South America,B
1032431,M,25,North America,B
1032432,M,18,North America,A
1032433,M,25,Unknown,C
1032434,M,25,North America,C
1032435,M,18,Unknown,D
1032436,M,18,Asia,C
1032437,F,45,Unknown,B
1032438,M,35,Asia,D
1032439,M,18,Africa,C
1032440,M,35,North America,C
1032441,M,25,Asia,C
1032442,M,35,Asia,B
1032443,M,25,Asia,D
1032444,M,18,Asia,D
1032445,M,18,North America,C
1032446,M,18,Unknown,B
1032447,M,35,North America,B
1032448,M,25,Europe,A
1032449,F,25,North America,D
1032450,M,25,Europe,D
1032451,F,35,Africa,A
1032452,M,45,Europe,C
1032453,F,18,North America,C
1032454,M,18,North America,D
1032455,M,25,Unknown,B
1032456,F,18,North America,A
1032457,F,25,Unknown,D
1032458,F,18,North America,A
1032459,M,45,North America,B
1032460,M,35,Unknown,A
1032461,M,55,Australia,D
1032462,M,18,North America,B
1032463,F,18,Unknown,C
1032464,M,25,Unknown,C
1032465,M,25,North America,C
1032466,M,35,Unknown,A
1032467,M,18,Africa,D
1032468,M,0,Europe,C
1032469,M,18,Europe,C
1032470,F,25,Unknown,D
1032471,M,25,Asia,C
1032472,M,18,Africa,B
1032473,M,35,Europe,B
1032474,M,25,Europe,A
1032475,M,0,Asia,C
1032476,M,18,Unknown,A
1032477,M,25,Africa,C
1032478,M,18,North America,B
1032479,M,55,Unknown,B
1032480,M,18,Europe,D
1032481,M,18,North America,C
1032482,M,55,North America,A
1032483,F,45,North America,A
1032484,M,18,Unknown,B
1032485,F,25,South America,D
1032486,F,25,Asia,C
1032487,M,25,Unknown,A
1032488,M,18,North America,B
1032489,F,35,Europe,D
1032490,M,35,North America,A
1032491,M,25,North America,C
1032492,M,25,Unknown,C
1032493,M,18,North America,D
1032494,M,18,Europe,C
1032495,M,18,Asia,C
1032496,F,18,North America,A
1032497,M,18,North America,D
1032498,M,25,Asia,C
1032499,M,18,North America,D
1032500,M,25,South America,C
1032501,M,18,Unknown,C
1032502,M,18,Europe,A
1032503,M,18,Europe,B
1032504,M,25,Unknown,C
1032505,M,25,North America,A
1032506,M,18,North America,C
1032507,F,45,Unknown,A
1032508,M,0,North America,B
1032509,M,18,North America,C
1032510,F,25,North America,B
1032511,M,18,Asia,B
1032512,M,25,Europe,B
1032513,M,18,Europe,D
1032514,M,35,Asia,C
1032515,M,35,Europe,A
1032516,M,55,North America,A
1032517,M,35,Asia,C
1032518,M,18,Asia,A
1032519,F,18,North America,C
1032520,M,25,Africa,B
1032521,F,25,Asia,D
1032522,M,18,North America,D
1032523,M,25,North America,A
1032524,M,0,Australia,D
1032525,F,18,Asia,C
1032526,M,45,North America,D
1032527,F,0,Asia,C
1032528,F,25,Unknown,C
1032529,F,25,North America,D
1032530,F,25,South America,C
1032531,M,25,North America,A
1032532,M,35,North America,D
1032533,M,25,North America,C
1032534,M,25,North America,B
1032535,M,18,Europe,D
1032536,M,35,South America,A
1032537,M,25,North America,D
1032538,M,18,South America,C
1032539,M,18,North America,B
1032540,M,65,Asia,C
1032541,M,25,North America,D
1032542,M,18,Asia,C
1032543,M,25,Europe,B
1032544,F,55,Unknown,A
1032545,M,25,Europe,D
1032546,M,25,North America,C
1032547,M,25,Unknown,A
1032548,M,25,North America,A
1032549,M,0,Africa,B
1032550,F,25,Europe,C
1032551,M,18,Asia,A
1032552,F,35,Europe,B
1032553,M,25,Unknown,D
1032554,M,18,South America,A
1032555,F,18,Africa,C
1032556,M,18,North America,A
1032557,M,18,North America,A
1032558,M,18,North America,B
1032559,F,18,Asia,B
1032560,M,18,Africa,C
1032561,F,25,Unknown,A
1032562,M,18,Asia,D
1032563,M,35,Unknown,A
1032564,M,18,South America,B
1032565,M,18,North America,C
1032566,M,25,North America,D
1032567,M,25,Asia,A
1032568,F,25,North America,D
1032569,M,18,Europe,A
1032570,M,18,Unknown,C
1032571,M,18,Asia,D
1032572,M,25,Europe,A
1032573,M,35,Europe,C
1032574,M,25,North America,B
1032575,M,35,North America,C
1032576,M,25,Africa,D
1032577,M,35,Australia,D
1032578,M,18,South America,C
1032579,M,25,Asia,D
1032580,M,18,Unknown,B
1032581,F,18,Europe,D
1032582,M,25,Asia,B
1032583,M,18,Europe,D
1032584,M,18,North America,B
1032585,M,18,Africa,C
1032586,M,18,Europe,D
1032587,M,45,Unknown,B
1032588,M,25,Europe,A
1032589,M,35,North America,C
1032590,M,18,Europe,D
1032591,F,18,North America,D
1032592,M,25,Europe,A
1032593,F,35,North America,D
1032594,M,55,Africa,B
1032595,M,25,North America,C
1032596,M,25,Unknown,A
1032597,M,25,North America,D
1032598,F,35,Europe,D
1032599,M,35,North America,D
1032600,M,18,Unknown,D
1032601,M,25,Africa,C
1032602,M,25,Europe,B
1032603,F,25,Unknown,C
1032604,M,18,Unknown,A
1032605,F,18,Europe,D
1032606,M,18,Unknown,B
1032607,M,18,Africa,C
1032608,M,18,Europe,B
1032609,F,18,South America,B
1032610,M,0,North America,D
1032611,M,18,Europe,D
1032612,M,18,Unknown,A
1032613,M,0,Asia,C
1032614,M,45,North America,D
1032615,F,18,North America,B
1032616,M,25,North America,C
1032617,M,25,Europe,A
1032618,F,25,Unknown,D
1032619,M,45,Africa,D
1032620,M,18,North America,D
1032621,F,18,Unknown,B
1032622,M,25,Europe,D
1032623,F,25,Asia,A
1032624,M,35,Asia,B
1032625,M,18,North America,A
1032626,M,25,Asia,C
1032627,M,35,Asia,D
1032628,M,18,Unknown,C
1032629,F,18,South America,A
1032630,M,35,Europe,D
1032631,M,25,North America,C
1032632,F,25,Asia,B
1032633,M,18,Europe,A
1032634,F,18,Europe,C
1032635,M,18,Asia,C
1032636,F,0,South America,D
1032637,M,18,North America,C
1032638,M,35,North America,C
1032639,M,18,Asia,D
1032640,M,25,Europe,B
1032641,F,55,Africa,B
1032642,M,25,Europe,B
1032643,M,35,Europe,C
1032644,M,35,North America,C
1032645,M,25,Unknown,A
1032646,M,35,Africa,C
1032647,M,35,Africa,A
1032648,M,18,North America,C
1032649,F,45,Europe,D
1032650,M,25,North America,C
1032651,M,45,Unknown,B
1032652,M,18,Europe,D
1032653,M,18,Europe,C
1032654,M,45,Asia,C
1032655,F,35,North America,D
1032656,M,18,Africa,D
1032657,M,25,Europe,C
1032658,M,18,Unknown,D
1032659,F,55,Europe,A
1032660,F,35,North America,C
1032661,M,25,Unknown,C
1032662,F,35,Europe,B
1032663,M,25,North America,B
1032664,F,18,North America,C
1032665,F,25,North America,C
1032666,M,18,North America,A
1032667,M,25,North America,C
1032668,M,25,Europe,C
1032669,M,25,North America,D
1032670,M,25,Asia,C
1032671,M,25,Europe,A
1032672,M,35,Unknown,A
1032673,M,18,South America,B
1032674,F,18,Unknown,D
1032675,M,18,Unknown,C
1032676,M,35,Africa,D
1032677,M,65,Africa,B
1032678,M,25,North America,B
1032679,M,18,Asia,B
1032680,M,35,North America,A
1032681,F,25,South America,C
1032682,M,18,Europe,C
1032683,M,25,Africa,C
1032684,M,18,Europe,C
1032685,M,45,Europe,C
1032686,M,25,North America,C
1032687,M,18,North America,B
1032688,M,35,North America,D
1032689,M,25,North America,B
1032690,M,18,Unknown,D
1032691,M,25,Africa,B
1032692,M,45,North America,C
1032693,F,18,Unknown,A
1032694,F,18,North America,C
1032695,M,25,Europe,C
1032696,M,18,North America,C
1032697,M,18,Unknown,B
1032698,M,25,North America,B
1032699,F,25,Europe,C
1032700,M,18,North America,A
1032701,M,45,Europe,C
1032702,M,25,North America,B
1032703,M,35,Europe,C
1032704,M,25,Unknown,C
1032705,M,25,North America,C
1032706,M,25,North America,D
1032707,M,55,Europe,D
1032708,M,18,Asia,B
1032709,F,18,Unknown,B
1032710,F,25,North America,C
1032711,M,18,North America,A
1032712,M,25,Asia,A
1032713,M,45,North America,B
1032714,M,45,South America,A
1032715,M,25,Europe,B
1032716,M,25,Asia,D
1032717,M,18,Europe,D
1032718,M,18,Australia,A
1032719,M,65,North America,D
1032720,M,25,Europe,C
1032721,M,45,Asia,B
1032722,M,65,Unknown,A
1032723,M,18,North America,C
1032724,F,25,Africa,A
1032725,M,35,Asia,A
1032726,M,18,North America,C
1032727,M,25,Unknown,C
1032728,M,35,North America,B
1032729,M,0,Africa,D
1032730,M,18,North America,A
1032731,M,35,Asia,C
1032732,M,35,Europe,C
1032733,M,25,Europe,A
1032734,M,25,North America,D
1032735,F,35,Africa,C
1032736,M,18,Europe,D
1032737,M,0,North America,A
1032738,M,35,North America,A
1032739,M,25,North America,B
1032740,F,25,Europe,C
1032741,M,25,North America,B
1032742,M,25,Unknown,A
1032743,M,25,North America,C
1032744,F,25,North America,C
1032745,M,25,Europe,A
1032746,M,25,Unknown,C
1032747,M,25,Unknown,C
1032748,M,18,North America,D
1032749,F,25,Unknown,A
1032750,M,35,Europe,B
1032751,M,35,Europe,B
1032752,F,25,North America,B
1032753,M,18,North America,B
1032754,M,25,South America,A
1032755,M,18,North America,B
1032756,F,25,Asia,C
1032757,M,35,Australia,D
1032758,M,25,North America,D
1032759,M,25,North America,A
1032760,F,18,Asia,B
1032761,M,45,Europe,D
1032762,M,18,North America,D
1032763,F,18,Africa,B
1032764,M,18,Asia,A
1032765,M,18,North America,C
1032766,M,55,North America,D
1032767,M,35,North America,C
1032768,M,18,North America,A
1032769,M,25,Europe,A
1032770,M,55,Europe,D
1032771,M,18,Australia,D
1032772,F,25,North America,D
1032773,M,25,Europe,B
1032774,F,18,North America,A
1032775,F,25,Africa,C
1032776,M,18,North America,B
1032777,M,25,Unknown,C
1032778,M,25,Unknown,C
1032779,M,35,South America,C
1032780,M,25,South America,C
1032781,F,18,Europe,C
1032782,M,25,Europe,A
1032783,M,18,Europe,C
1032784,M,18,Asia,D
1032785,M,25,Unknown,D
1032786,M,18,Africa,C
1032787,M,25,Asia,D
1032788,F,35,North America,C
1032789,M,0,Europe,B
1032790,M,35,South America,D
1032791,F,25,Africa,B
1032792,M,18,North America,C
1032793,M,35,North America,D
1032794,M,18,Asia,C
1032795,F,25,Europe,D
1032796,M,25,North America,B
1032797,M,25,Unknown,D
1032798,M,18,North America,C
1032799,M,18,Asia,A
1032800,M,18,Unknown,D
1032801,M,18,Unknown,C
1032802,M,18,Asia,C
1032803,M,25,Unknown,A
1032804,M,35,South America,A
1032805,F,45,Unknown,D
1032806,M,18,North America,A
1032807,F,25,Asia,A
1032808,M,18,Asia,B
1032809,F,55,Asia,B
1032810,M,18,Africa,B
1032811,M,55,Unknown,A
1032812,M,18,Europe,B
1032813,M,45,North America,D
1032814,M,18,Europe,D
1032815,M,35,Europe,D
1032816,M,65,Africa,B
1032817,M,18,North America,D
1032818,M,18,Europe,C
1032819,F,25,Europe,C
1032820,M,35,Africa,B
1032821,M,18,Unknown,C
1032822,M,55,Europe,B
1032823,F,18,Europe,A
1032824,M,18,Unknown,B
1032825,M,25,Europe,D
1032826,M,25,Europe,B
1032827,M,45,Unknown,A
1032828,F,25,North America,C
1032829,F,25,North America,C
1032830,M,0,Africa,B
1032831,F,25,Unknown,D
1032832,M,18,Europe,C
1032833,F,25,North America,D
1032834,M,45,Africa,D
1032835,M,45,Asia,A
1032836,M,18,North America,A
1032837,M,35,North America,C
1032838,M,25,North America,B
1032839,M,18,North America,D
1032840,F,45,North America,C
1032841,F,18,Asia,B
1032842,F,18,North America,C
1032843,M,55,Europe,D
1032844,M,18,Africa,D
1032845,M,25,Asia,A
1032846,M,18,Africa,B
1032847,M,18,Unknown,D
1032848,F,25,North America,C
1032849,M,18,North America,C
1032850,F,18,Europe,D
1032851,M,65,Asia,B
1032852,M,18,North America,D
1032853,F,18,North America,A
1032854,M,18,North America,D
1032855,M,18,Africa,C
1032856,M,55,North America,D
1032857,M,18,Europe,C
1032858,F,18,Europe,C
1032859,M,18,North America,A
1032860,M,25,North America,C
1032861,M,18,Unknown,C
1032862,M,18,Asia,C
1032863,M,25,North America,C
1032864,F,25,Africa,C
1032865,M,18,North America,D
1032866,M,45,Africa,D
1032867,M,25,Asia,A
1032868,M,25,Asia,D
1032869,M,18,Europe,A
1032870,M,18,Europe,B
1032871,M,18,Unknown,D
1032872,F,18,North America,C
1032873,F,18,Europe,A
1032874,M,35,Unknown,C
1032875,M,35,Unknown,A
1032876,F,35,Asia,B
1032877,F,55,Asia,A
1032878,M,25,Asia,C
1032879,M,18,South America,C
1032880,M,18,Europe,C
1032881,M,45,North America,C
1032882,M,18,South America,A
1032883,M,25,North America,C
1032884,M,25,Unknown,C
1032885,M,25,Asia,D
1032886,M,25,North America,A
1032887,M,25,Unknown,A
1032888,M,18,Europe,B
1032889,M,25,North America,C
1032890,M,35,Unknown,A
1032891,M,18,Europe,C
1032892,M,45,North America,C
1032893,M,25,Europe,A
1032894,M,18,Europe,B
1032895,M,18,Africa,D
1032896,F,18,Africa,A
1032897,M,25,Europe,B
1032898,M,18,Asia,C
1032899,M,18,North America,C
1032900,M,18,North America,A
1032901,M,45,Unknown,C
1032902,M,25,Europe,C
1032903,M,18,Europe,B
1032904,M,25,North America,D
1032905,M,18,Europe,D
1032906,M,55,Unknown,A
1032907,M,35,Asia,C
1032908,M,18,Europe,B
1032909,M,45,Australia,D
1032910,M,35,South America,C
1032911,M,45,Europe,D
1032912,M,25,Asia,D
1032913,M,25,Unknown,B
1032914,M,25,North America,D
1032915,M,55,Africa,A
1032916,M,18,Europe,D
1032917,M,18,North America,D
1032918,M,18,Unknown,C
1032919,M,25,North America,C
1032920,M,18,Asia,D
1032921,M,18,Asia,C
1032922,F,18,Asia,C
1032923,M,25,North America,A
1032924,M,18,Europe,D
1032925,M,18,Europe,D
1032926,M,25,North America,C
1032927,F,25,Europe,B
1032928,M,65,Europe,A
1032929,M,25,North America,C
1032930,M,18,North America,D
1032931,M,18,Europe,C
1032932,M,18,North America,A
1032933,M,45,South America,D
1032934,M,35,Unknown,D
1032935,M,25,Europe,D
1032936,M,18,North America,C
1032937,M,25,South America,C
1032938,M,18,Europe,C
1032939,M,18,North America,C
1032940,M,25,Europe,A
1032941,M,35,North America,B
1032942,M,25,South America,D
1032943,F,25,Unknown,A
1032944,M,25,Europe,B
1032945,M,25,Asia,C
1032946,M,18,Europe,D
1032947,M,35,Africa,B
1032948,M,18,Africa,C
1032949,M,25,North America,D
1032950,M,35,Europe,D
1032951,M,18,Unknown,B
1032952,F,25,Unknown,A
1032953,M,25,Unknown,D
1032954,F,25,Europe,C
1032955,M,25,North America,C
1032956,M,18,Europe,C
1032957,M,25,Europe,C
1032958,M,18,Unknown,C
1032959,M,35,Asia,C
1032960,M,25,Asia,B
1032961,M,18,Europe,B
1032962,M,18,North America,C
1032963,M,18,Unknown,A
1032964,M,25,Asia,C
1032965,M,18,Europe,D
1032966,M,25,Europe,C
1032967,M,25,Africa,A
1032968,F,25,North America,B
1032969,M,25,North America,C
1032970,M,25,North America,D
1032971,M,25,Africa,D
1032972,M,18,North America,D
1032973,M,18,Europe,D
1032974,M,25,North America,B
1032975,M,25,Unknown,C
1032976,M,18,Europe,D
1032977,M,25,Europe,C
1032978,M,25,Europe,C
1032979,M,18,North America,D
1032980,M,18,North America,C
1032981,M,55,North America,C
1032982,F,55,Europe,B
1032983,M,25,Australia,C
1032984,M,25,Europe,A
1032985,M,18,North America,C
1032986,F,35,Europe,C
1032987,M,35,South America,D
1032988,F,25,Unknown,C
1032989,F,45,North America,D
1032990,M,25,South America,B
1032991,M,25,Europe,A
1032992,M,25,North America,A
1032993,M,18,North America,C
1032994,M,55,Asia,A
1032995,M,25,Unknown,C
1032996,F,25,Europe,C
1032997,M,18,Asia,D
1032998,M,25,Unknown,A
1032999,M,0,North America,D
1033000,M,18,North America,A
1033001,M,25,North America,B
1033002,M,18,Africa,C
1033003,M,25,South America,D
1033004,M,18,Asia,C
1033005,M,18,Unknown,A
1033006,M,25,South America,B
1033007,F,45,North America,D
1033008,M,18,North America,C
1033009,M,25,Europe,C
1033010,F,35,Europe,B
1033011,M,25,Europe,B
1033012,M,35,Unknown,A
1033013,M,55,Africa,D
1033014,M,45,North America,B
1033015,M,18,Asia,D
1033016,M,25,Unknown,C
1033017,M,18,North America,C
1033018,M,25,Unknown,D
1033019,M,25,North America,D
1033020,M,25,Africa,B
1033021,F,18,North America,D
1033022,F,18,Asia,B
1033023,F,18,North America,D
1033024,M,18,Africa,A
1033025,F,18,North America,B
1033026,M,35,North America,D
1033027,M,35,Unknown,B
1033028,M,0,North America,D
1033029,M,0,Asia,B
1033030,F,35,Europe,C
1033031,M,18,Europe,B
1033032,M,18,Unknown,B
1033033,M,18,Europe,A
1033034,M,18,Europe,A
1033035,M,55,Asia,A
1033036,M,18,North America,B
1033037,M,45,North America,A
1033038,F,25,North America,D
1033039,F,18,Asia,A
1033040,M,45,Asia,C
1033041,F,35,North America,D
1033042,M,35,Unknown,C
1033043,M,18,North America,C
1033044,M,25,North America,B
1033045,M,45,North America,A
1033046,M,45,Asia,C
1033047,M,25,Africa,D
1033048,M,25,South America,A
1033049,F,25,Unknown,D
1033050,M,25,Australia,C
1033051,M,18,North America,B
1033052,M,0,North America,B
1033053,M,25,South America,C
1033054,M,35,Unknown,C
1033055,M,45,Asia,D
1033056,M,18,Africa,B
1033057,M,25,North America,B
1033058,M,25,Europe,C
1033059,M,25,North America,A
1033060,M,25,Europe,D
1033061,M,25,Europe,C
1033062,M,25,North America,B
1033063,F,45,North America,A
1033064,M,25,North America,D
1033065,M,18,North America,D
1033066,F,35,Asia,C
1033067,F,25,Unknown,C
1033068,M,25,North America,C
1033069,M,35,Asia,C
1033070,F,25,South America,C
1033071,M,35,North America,C
1033072,M,25,Unknown,C
1033073,F,35,Africa,D
1033074,F,25,Unknown,C
1033075,M,18,North America,C
1033076,M,18,Europe,C
1033077,M,18,North America,C
1033078,F,45,South America,A
1033079,M,25,North America,C
1033080,M,35,North America,B
1033081,M,18,Asia,D
1033082,M,25,Unknown,B
1033083,M,25,Europe,A
1033084,M,18,Europe,D
1033085,M,25,Asia,A
1033086,M,18,Europe,C
1033087,M,18,North America,A
1033088,F,18,North America,C
1033089,M,35,Africa,B
1033090,M,25,Australia,A
1033091,M,35,Africa,C
1033092,M,0,North America,B
1033093,M,18,Unknown,B
1033094,M,18,Asia,A
1033095,M,55,North America,B
1033096,M,35,North America,B
1033097,M,25,North America,C
1033098,M,45,North America,D
1033099,M,45,North America,D
1033100,M,25,North America,C
1033101,M,25,Unknown,A
1033102,M,18,Europe,A
1033103,M,35,South America,D
1033104,M,45,Asia,A
1033105,F,25,Europe,D
1033106,F,25,Europe,D
1033107,M,18,Asia,C
1033108,M,25,Europe,A
1033109,M,18,North America,D
1033110,M,25,North America,A
1033111,F,0,Unknown,A
1033112,F,18,Asia,C
1033113,M,45,Africa,A
1033114,M,25,North America,A
1033115,M,18,South America,C
1033116,M,18,Unknown,C
1033117,M,35,North America,D
1033118,M,18,North America,A
1033119,F,25,Europe,B
1033120,M,35,Unknown,A
1033121,F,25,Europe,D
1033122,F,35,Asia,C
1033123,M,25,Europe,B
1033124,M,35,Europe,D
1033125,M,18,Unknown,B
1033126,F,25,Asia,D
1033127,M,18,North America,B
1033128,F,25,Europe,C
1033129,M,45,Africa,A
1033130,M,18,North America,A
1033131,M,25,Asia,B
1033132,M,18,North America,B
1033133,F,0,Europe,B
1033134,M,35,Unknown,B
1033135,M,25,North America,D
1033136,F,25,North America,B
1033137,M,25,Europe,B
1033138,M,25,North America,A
1033139,M,18,North America,C
1033140,M,25,North America,C
1033141,M,18,Unknown,B
1033142,F,18,North America,D
1033143,M,25,Africa,A
1033144,F,25,North America,D
1033145,M,25,North America,B
1033146,M,25,North America,B
1033147,M,25,North America,A
1033148,M,18,Asia,B
1033149,M,25,Unknown,B
1033150,M,18,North America,D
1033151,M,25,North America,C
1033152,F,18,North America,D
1033153,F,18,North America,B
1033154,M,25,Asia,C
1033155,F,45,Europe,C
1033156,M,18,Australia,C
1033157,M,25,Unknown,C
1033158,M,25,Asia,C
1033159,M,35,North America,D
1033160,M,25,Europe,B
1033161,M,18,North America,D
1033162,M,18,North America,C
1033163,M,25,North America,D
1033164,M,25,Unknown,A
1033165,M,25,Europe,B
1033166,M,25,Europe,A
1033167,M,18,North America,A
1033168,M,25,North America,C
1033169,M,18,Europe,C
1033170,M,25,Africa,B
1033171,M,25,Unknown,C
1033172,M,25,Europe,A
1033173,M,35,Europe,B
1033174,M,18,Europe,A
1033175,M,18,Africa,A
1033176,M,35,Asia,B
1033177,M,18,Europe,D
1033178,M,35,North America,C
1033179,M,35,Europe,C
1033180,F,45,Europe,C
1033181,M,18,North America,D
1033182,M,18,Unknown,B
1033183,M,25,Unknown,C
1033184,M,0,Europe,C
1033185,M,18,North America,C
1033186,M,25,North America,C
1033187,M,18,North America,D
1033188,M,25,North America,C
1033189,M,25,North America,D
1033190,M,25,Europe,C
1033191,M,25,North America,A
1033192,M,25,North America,B
1033193,M,18,North America,A
1033194,F,35,Asia,C
1033195,M,25,Europe,C
1033196,M,25,Europe,A
1033197,M,25,Europe,C
1033198,F,35,North America,C
1033199,M,35,Europe,A
1033200,M,18,Unknown,C
1033201,M,35,Asia,C
1033202,M,25,Europe,C
1033203,M,25,Europe,C
1033204,M,35,North America,C
1033205,M,35,North America,B
1033206,M,25,North America,A
1033207,M,25,Asia,A
1033208,M,25,Asia,D
1033209,M,35,Africa,C
1033210,M,25,Australia,A
1033211,M,18,Africa,D
1033212,F,25,Europe,C
1033213,F,35,Europe,B
1033214,F,35,Unknown,C
1033215,M,18,South America,A
1033216,M,25,Asia,C
1033217,F,0,North America,A
1033218,F,25,North America,D
1033219,M,25,North America,C
1033220,F,25,Europe,A
1033221,M,18,Europe,B
1033222,M,25,Europe,D
1033223,M,25,North America,A
1033224,M,25,Africa,B
1033225,M,45,Asia,C
1033226,M,25,North America,C
1033227,F,35,Europe,A
1033228,F,25,Europe,D
1033229,M,45,North America,D
1033230,M,25,Europe,B
1033231,F,35,Europe,B
1033232,M,25,South America,D
1033233,M,25,Asia,D
1033234,M,18,North America,B
1033235,M,25,North America,C
1033236,M,35,Europe,D
1033237,M,35,North America,B
1033238,M,25,North America,C
1033239,M,18,Unknown,D
1033240,M,25,North America,A
1033241,M,25,Asia,D
1033242,M,35,Europe,B
1033243,M,0,North America,A
1033244,M,25,North America,C
1033245,M,35,Africa,D
1033246,F,18,Unknown,D
1033247,M,18,North America,A
1033248,M,18,Unknown,A
1033249,M,45,Asia,D
1033250,M,18,Africa,B
1033251,F,18,North America,A
1033252,M,25,Asia,D
1033253,M,45,North America,D
1033254,F,18,Africa,A
1033255,M,25,North America,D
1033256,M,35,Asia,D
1033257,F,18,Unknown,B
1033258,F,18,Unknown,C
1033259,M,25,Unknown,C
1033260,M,25,Africa,B
1033261,M,25,Unknown,C
1033262,M,18,North America,D
1033263,M,25,North America,B
1033264,M,18,Asia,B
1033265,F,35,Unknown,A
1033266,F,35,Asia,C
1033267,M,18,North America,A
1033268,M,25,Africa,D
1033269,F,45,Europe,B
1033270,M,18,Unknown,B
1033271,M,25,North America,D
1033272,M,25,South America,A
1033273,F,45,Europe,B
1033274,M,25,Unknown,A
1033275,M,25,Unknown,D
1033276,M,25,Unknown,A
1033277,F,25,North America,D
1033278,M,25,North America,A
1033279,M,25,Unknown,D
1033280,F,35,Australia,B
1033281,M,35,North America,D
1033282,M,18,Africa,B
1033283,M,25,Asia,D
1033284,M,18,Unknown,B
1033285,M,35,Europe,B
1033286,M,45,Europe,B
1033287,M,0,Unknown,D
1033288,M,18,North America,D
1033289,F,25,North America,D
1033290,M,18,Europe,B
1033291,M,25,North America,A
1033292,M,25,Europe,A
1033293,M,18,Africa,C
1033294,M,18,Europe,A
1033295,F,18,Europe,A
1033296,M,65,North America,C
1033297,M,35,Asia,C
1033298,M,25,Europe,C
1033299,M,25,North America,C
1033300,M,25,North America,B
1033301,M,45,Europe,A
1033302,M,35,Europe,C
1033303,M,18,North America,A
1033304,M,45,North America,A
1033305,M,25,Asia,C
1033306,M,18,North America,A
1033307,M,25,North America,C
1033308,M,18,North America,A
1033309,M,18,North America,B
1033310,M,18,Unknown,C
1033311,F,25,Australia,B
1033312,M,35,North America,C
1033313,M,18,Unknown,C
1033314,M,25,Unknown,A
1033315,M,18,Asia,B
1033316,F,25,South America,A
1033317,M,18,North America,C
1033318,M,0,North America,C
1033319,M,25,Asia,A
1033320,M,25,Europe,C
1033321,M,18,North America,A
1033322,F,18,Europe,C
1033323,M,35,Asia,C
1033324,M,55,South America,A
1033325,M,35,North America,B
1033326,M,55,Asia,C
1033327,M,18,North America,A
1033328,M,25,Africa,D
1033329,F,0,Unknown,B
1033330,M,25,Europe,A
1033331,M,25,Asia,D
1033332,M,18,North America,D
1033333,M,18,Asia,C
1033334,M,25,Asia,D
1033335,M,65,Asia,A
1033336,M,25,Europe,A
1033337,F,18,North America,C
1033338,M,25,North America,D
1033339,M,0,Unknown,A
1033340,M,35,Africa,A
1033341,M,45,Africa,C
1033342,M,35,Europe,C
1033343,M,45,Asia,C
1033344,M,35,Asia,C
1033345,M,25,Europe,C
1033346,M,18,North America,B
1033347,M,45,Europe,A
1033348,M,18,Unknown,C
1033349,M,25,Unknown,A
1033350,M,35,Europe,B
1033351,F,25,North America,D
1033352,M,25,Unknown,D
1033353,M,18,North America,D
1033354,M,25,Asia,A
1033355,M,25,Unknown,C
1033356,M,25,North America,B
1033357,M,25,Africa,A
1033358,M,25,North America,A
1033359,F,18,Europe,C
1033360,M,25,South America,B
1033361,M,18,Unknown,D
1033362,M,25,North America,C
1033363,M,25,North America,C
1033364,M,35,South America,B
1033365,M,25,Europe,A
1033366,M,25,South America,B
1033367,M,55,North America,D
1033368,M,35,Europe,A
1033369,M,25,Unknown,A
1033370,F,35,North America,C
1033371,M,18,Unknown,A
1033372,M,18,Europe,D
1033373,M,35,Africa,A
1033374,M,25,North America,C
1033375,M,18,North America,C
1033376,M,25,Asia,B
1033377,M,25,South America,A
1033378,F,18,North America,C
1033379,F,55,North America,B
1033380,F,45,North America,C
1033381,M,25,North America,D
1033382,M,35,Unknown,C
1033383,F,45,Europe,B
1033384,M,25,Unknown,A
1033385,M,18,South America,C
1033386,M,25,Asia,A
1033387,M,25,North America,B
1033388,F,18,Australia,B
1033389,M,25,North America,B
1033390,M,25,Africa,A
1033391,M,25,Asia,C
1033392,M,35,Unknown,A
1033393,F,18,Asia,B
1033394,F,18,Asia,D
1033395,M,18,Europe,A
1033396,M,18,South America,A
1033397,F,18,North America,C
1033398,M,25,Unknown,C
1033399,M,25,Africa,C
1033400,F,35,North America,C
1033401,F,18,North America,A
1033402,M,18,North America,B
1033403,M,18,North America,C
1033404,M,35,Asia,D
1033405,M,18,Unknown,C
1033406,M,18,Africa,A
1033407,M,55,Unknown,A
1033408,M,25,Europe,D
1033409,F,45,North America,A
1033410,M,25,Europe,A
1033411,M,18,North America,C
1033412,M,25,Europe,D
1033413,M,25,North America,C
1033414,M,25,South America,A
1033415,F,18,North America,C
1033416,M,18,Asia,C
1033417,M,35,Europe,A
1033418,M,18,Unknown,B
1033419,M,45,North America,C
1033420,M,25,Europe,D
1033421,M,25,Asia,C
1033422,M,25,North America,C
1033423,F,18,North America,C
1033424,M,25,North America,D
1033425,M,25,Unknown,D
1033426,F,25,North America,A
1033427,M,45,Asia,C
1033428,F,25,North America,C
1033429,M,25,Unknown,C
1033430,F,25,Asia,C
1033431,M,25,Europe,C
1033432,M,35,North America,D
1033433,M,25,Europe,D
1033434,M,25,Asia,D
1033435,M,35,South America,C
1033436,M,25,South America,A
1033437,M,18,Unknown,D
1033438,M,25,Europe,B
1033439,M,35,Europe,B
1033440,M,18,Africa,B
1033441,F,25,Europe,B
1033442,M,18,Europe,C
1033443,M,18,North America,C
1033444,M,18,North America,D
1033445,M,18,Asia,B
1033446,M,25,Africa,C
1033447,M,35,North America,D
1033448,F,18,North America,B
1033449,M,35,South America,D
1033450,M,18,North America,B
1033451,M,55,Asia,A
1033452,M,25,Unknown,D
1033453,M,25,Asia,A
1033454,F,25,North America,B
1033455,M,35,Africa,C
1033456,M,25,Asia,A
1033457,M,45,North America,A
1033458,F,18,Africa,C
1033459,M,18,Europe,A
1033460,M,35,Europe,A
1033461,M,25,Europe,D
1033462,M,25,Asia,C
1033463,M,35,North America,D
1033464,F,35,North America,B
1033465,M,18,North America,C
1033466,M,18,North America,C
1033467,M,25,Africa,D
1033468,F,35,North America,B
1033469,M,25,Unknown,C
1033470,M,25,North America,C
1033471,M,18,Europe,B
1033472,F,18,Unknown,C
1033473,M,25,Unknown,B
1033474,M,18,North America,D
1033475,F,18,Asia,D
1033476,F,25,Unknown,B
1033477,F,35,South America,B
1033478,F,25,Asia,C
1033479,F,18,Europe,C
1033480,M,18,Europe,D
1033481,M,25,Asia,A
1033482,M,35,North America,D
1033483,F,45,Unknown,C
1033484,F,18,North America,A
1033485,M,18,Asia,D
1033486,M,25,North America,C
1033487,M,0,Unknown,A
1033488,M,18,North America,D
1033489,M,0,North America,C
1033490,M,55,Asia,A
1033491,M,25,Australia,A
1033492,F,25,Unknown,C
1033493,M,18,North America,C
1033494,M,35,Asia,D
1033495,F,25,Unknown,C
1033496,M,25,North America,D
1033497,M,25,North America,C
1033498,M,25,Europe,C
1033499,M,25,Europe,C
1033500,M,25,South America,B
1033501,M,25,North America,C
1033502,F,35,Africa,C
1033503,F,25,North America,B
1033504,M,25,Europe,A
1033505,M,25,Asia,D
1033506,M,55,North America,C
1033507,M,35,South America,D
1033508,M,25,Unknown,D
1033509,F,18,North America,A
1033510,F,18,Unknown,B
1033511,M,25,Asia,B
1033512,M,0,North America,A
1033513,M,25,Africa,C
1033514,M,25,North America,C
1033515,M,35,North America,D
1033516,M,25,Europe,C
1033517,M,25,Asia,C
1033518,M,45,North America,D
1033519,M,25,North America,C
1033520,M,25,Asia,C
1033521,M,18,Asia,D
1033522,M,25,Europe,A
1033523,M,0,North America,A
1033524,M,35,Europe,C
1033525,M,25,Africa,C
1033526,M,35,North America,B
1033527,M,25,Europe,D
1033528,M,55,Asia,B
1033529,M,18,Europe,C
1033530,M,35,Australia,D
1033531,M,18,North America,A
1033532,M,0,Unknown,C
1033533,M,35,North America,D
1033534,M,0,Unknown,A
1033535,M,35,North America,B
1033536,M,25,Asia,A
1033537,M,25,Africa,D
1033538,M,35,North America,B
1033539,F,55,North America,D
1033540,M,18,North America,D
1033541,F,18,North America,C
1033542,M,25,Europe,D
1033543,F,25,Asia,B
1033544,M,18,North America,C
1033545,M,25,Europe,D
1033546,M,18,Europe,C
1033547,M,0,North America,D
1033548,M,55,North America,D
1033549,M,25,North America,C
1033550,M,18,North America,C
1033551,F,25,Unknown,C
1033552,M,25,Europe,C
1033553,M,25,Europe,A
1033554,M,25,North America,D
1033555,F,18,Unknown,C
1033556,M,18,North America,C
1033557,F,55,North America,B
1033558,M,35,Europe,A
1033559,M,35,North America,C
1033560,M,25,Unknown,C
1033561,M,18,Africa,A
1033562,M,18,Africa,D
1033563,M,35,Europe,A
1033564,M,18,Australia,A
1033565,M,18,Africa,C
1033566,M,25,Unknown,B
1033567,F,18,North America,B
1033568,M,18,Asia,C
1033569,F,35,Asia,D
1033570,M,18,Europe,C
1033571,M,18,Europe,C
1033572,F,18,North America,A
1033573,M,25,North America,D
1033574,M,25,North America,D
1033575,M,25,South America,C
1033576,M,18,Asia,A
1033577,F,65,Unknown,D
1033578,M,35,Africa,A
1033579,M,35,Asia,B
1033580,F,25,Asia,B
1033581,M,25,North America,A
1033582,M,18,North America,C
1033583,M,35,Europe,B
1033584,M,65,Unknown,C
1033585,M,25,North America,D
1033586,M,18,North America,A
1033587,M,25,Unknown,C
1033588,M,25,Europe,A
1033589,M,25,South America,D
1033590,F,18,Europe,A
1033591,M,35,North America,C
1033592,M,35,Europe,C
1033593,M,45,Africa,A
1033594,M,35,Unknown,C
1033595,M,18,Africa,C
1033596,M,25,Asia,A
1033597,M,18,Asia,A
1033598,M,45,North America,C
1033599,M,18,North America,D
1033600,F,35,Africa,C
1033601,M,25,North America,C
1033602,M,35,North America,B
1033603,F,25,North America,C
1033604,M,25,Unknown,D
1033605,M,25,Europe,B
1033606,M,25,Unknown,A
1033607,M,18,North America,B
1033608,M,0,Asia,A
1033609,M,45,North America,B
1033610,M,18,Africa,C
1033611,M,18,Europe,A
1033612,M,25,North America,D
1033613,F,35,Europe,B
1033614,M,25,North America,C
1033615,F,18,Europe,A
1033616,M,35,Asia,B
1033617,M,18,North America,C
1033618,M,25,Unknown,C
1033619,M,18,Unknown,A
1033620,M,18,North America,C
1033621,M,18,Unknown,C
1033622,M,45,Africa,C
1033623,F,35,North America,A
1033624,F,0,Unknown,D
1033625,M,18,Unknown,D
1033626,M,35,Europe,C
1033627,M,18,North America,D
1033628,M,18,Africa,D
1033629,M,18,South America,C
1033630,F,18,Asia,C
1033631,M,25,Unknown,B
1033632,M,25,Europe,A
1033633,F,45,Asia,C
1033634,M,25,Unknown,D
1033635,M,18,Europe,A
1033636,M,18,North America,B
1033637,M,18,Europe,A
1033638,M,35,Asia,D
1033639,M,18,North America,D
1033640,F,18,Africa,C
1033641,M,25,North America,D
1033642,M,35,North America,D
1033643,M,25,Europe,C
1033644,F,18,North America,C
1033645,M,25,Asia,C
1033646,M,45,North America,A
1033647,F,18,Africa,A
1033648,F,25,Unknown,D
1033649,F,25,Unknown,A
1033650,M,25,Unknown,D
1033651,M,35,North America,C
1033652,M,18,Unknown,A
1033653,M,55,Unknown,C
1033654,M,35,North America,B
1033655,M,0,Europe,D
1033656,M,18,Europe,B
1033657,M,18,Asia,D
1033658,M,45,Unknown,C
1033659,M,35,Europe,C
1033660,F,18,North America,C
1033661,F,18,Asia,A
1033662,F,25,Africa,B
1033663,M,18,Africa,D
1033664,M,45,Asia,A
1033665,M,25,Unknown,B
1033666,M,35,Europe,B
1033667,M,25,North America,D
1033668,F,35,Asia,A
1033669,M,25,Unknown,C
1033670,M,35,Europe,B
1033671,M,18,Europe,C
1033672,M,18,North America,A
1033673,M,25,North America,D
1033674,M,18,Africa,B
1033675,M,45,North America,D
1033676,M,25,Unknown,C
1033677,M,18,Africa,D
1033678,F,18,Europe,B
1033679,M,18,Europe,D
1033680,M,18,Asia,C
1033681,M,18,North America,D
1033682,M,25,Unknown,C
1033683,F,18,Asia,C
1033684,M,25,Africa,C
1033685,F,45,Unknown,B
1033686,M,25,Africa,C
1033687,M,25,Europe,C
1033688,M,18,Unknown,A
1033689,M,25,North America,D
1033690,M,18,Unknown,B
1033691,M,45,Europe,D
1033692,M,18,Africa,C
1033693,F,35,Asia,C
1033694,M,25,Unknown,D
1033695,F,25,Asia,A
1033696,M,35,Europe,C
1033697,M,35,Europe,A
1033698,M,18,Africa,D
1033699,M,25,Asia,C
1033700,M,35,Africa,C
1033701,M,25,Unknown,D
1033702,M,35,Unknown,A
1033703,M,25,Asia,D
1033704,M,18,Asia,D
1033705,F,35,Unknown,C
1033706,F,0,North America,D
1033707,F,25,North America,B
1033708,M,45,Europe,A
1033709,M,25,Asia,B
1033710,M,25,Africa,A
1033711,M,18,Europe,D
1033712,M,18,Asia,C
1033713,F,25,Europe,C
1033714,M,25,Asia,A
1033715,M,18,North America,C
1033716,F,25,Europe,B
1033717,M,25,Asia,B
1033718,M,35,Europe,D
1033719,F,18,Unknown,B
1033720,M,18,North America,D
1033721,M,25,Asia,D
1033722,F,18,Europe,C
1033723,M,35,Europe,C
1033724,M,18,Unknown,C
1033725,M,25,North America,A
1033726,M,18,Unknown,A
1033727,M,18,North America,D
1033728,M,35,North America,B
1033729,F,35,North America,D
1033730,M,55,Asia,A
1033731,M,25,Unknown,D
1033732,M,35,Unknown,B
1033733,M,35,North America,B
1033734,M,25,North America,D
1033735,M,25,North America,A
1033736,M,35,North America,A
1033737,M,35,North America,C
1033738,M,18,Asia,C
1033739,M,25,Europe,A
1033740,M,25,Africa,D
1033741,M,18,Europe,C
1033742,M,18,Africa,D
1033743,M,25,North America,A
1033744,F,45,Asia,A
1033745,M,25,Europe,C
1033746,M,25,Asia,C
1033747,F,0,North America,C
1033748,F,18,Europe,C
1033749,M,18,North America,A
1033750,M,35,North America,A
1033751,M,25,Europe,C
1033752,F,25,Unknown,D
1033753,F,18,Unknown,C
1033754,M,25,North America,A
1033755,M,25,Unknown,C
1033756,M,25,North America,A
1033757,M,18,Asia,D
1033758,M,65,Asia,C
1033759,M,18,Europe,C
1033760,M,25,South America,A
1033761,M,18,North America,A
1033762,M,25,Europe,C
1033763,M,25,Europe,C
1033764,F,55,Unknown,B
1033765,M,25,Asia,D
1033766,M,45,Europe,B
1033767,F,25,Asia,C
1033768,M,35,Europe,C
1033769,M,35,Asia,A
1033770,M,18,Europe,A
1033771,F,18,Africa,C
1033772,F,25,North America,D
1033773,M,35,North America,B
1033774,M,25,Unknown,A
1033775,F,18,Africa,C
1033776,M,25,Europe,C
1033777,M,25,Unknown,B
1033778,M,25,Asia,B
1033779,F,45,Europe,D
1033780,M,25,North America,B
1033781,M,65,North America,B
1033782,M,18,Asia,B
1033783,M,18,North America,C
1033784,F,25,Europe,A
1033785,M,35,Unknown,C
1033786,M,25,Europe,B
1033787,M,25,Europe,C
1033788,F,18,Europe,C
1033789,M,25,Unknown,C
1033790,M,18,North America,C
1033791,M,25,Africa,C
1033792,M,25,Africa,C
1033793,M,18,South America,C
1033794,M,25,Unknown,B
1033795,M,18,North America,A
1033796,M,18,Africa,A
1033797,M,25,Europe,C
1033798,F,25,Asia,A
1033799,M,25,Europe,C
1033800,M,25,Europe,A
1033801,M,18,Asia,C
1033802,M,25,North America,C
1033803,F,25,Asia,A
1033804,M,25,North America,D
1033805,M,65,Europe,C
1033806,F,25,Europe,D
1033807,M,18,North America,C
1033808,M,25,North America,B
1033809,M,35,Europe,D
1033810,M,25,Asia,D
1033811,F,25,Asia,A
1033812,M,25,South America,D
1033813,M,25,Unknown,C
1033814,M,25,North America,C
1033815,M,35,Unknown,C
1033816,M,25,North America,C
1033817,M,18,Unknown,C
1033818,M,35,Europe,A
1033819,F,45,Asia,D
1033820,F,18,Unknown,C
1033821,M,25,North America,D
1033822,M,25,Asia,C
1033823,M,25,North America,C
1033824,F,45,Europe,C
1033825,F,18,North America,C
1033826,F,18,Unknown,B
1033827,M,18,Europe,C
1033828,M,18,South America,C
1033829,M,18,Africa,C
1033830,M,35,South America,B
1033831,M,25,Unknown,B
1033832,M,35,North America,A
1033833,F,35,Europe,B
1033834,M,18,Unknown,D
1033835,M,18,Europe,B
1033836,M,18,North America,D
1033837,F,25,Unknown,C
1033838,M,18,Europe,C
1033839,F,18,Europe,A
1033840,F,45,Unknown,C
1033841,M,18,South America,C
1033842,M,25,North America,A
1033843,M,18,Africa,C
1033844,M,25,Unknown,D
1033845,M,18,Asia,A
1033846,M,18,Asia,D
1033847,F,25,Asia,D
1033848,M,18,Africa,C
1033849,M,35,Europe,A
1033850,F,18,Unknown,D
1033851,M,45,North America,A
1033852,M,18,North America,B
1033853,M,25,Europe,A
1033854,M,18,Unknown,D
1033855,M,35,South America,B
1033856,M,18,Africa,C
1033857,F,25,Africa,D
1033858,M,25,North America,D
1033859,M,18,Europe,A
1033860,M,18,South America,D
1033861,M,25,North America,A
1033862,M,25,North America,C
1033863,F,25,Asia,B
1033864,M,35,North America,C
1033865,M,45,North America,C
1033866,M,45,Asia,C
1033867,M,25,Africa,C
1033868,F,18,North America,D
1033869,M,55,North America,A
1033870,M,25,North America,C
1033871,M,35,North America,D
1033872,M,18,North America,C
1033873,M,18,Africa,D
1033874,M,25,Europe,C
1033875,M,35,Unknown,B
1033876,F,55,Asia,C
1033877,M,18,North America,C
1033878,M,35,Europe,D
1033879,M,18,North America,A
1033880,M,18,Unknown,B
1033881,M,25,North America,A
1033882,M,25,Africa,D
1033883,M,25,Europe,D
1033884,F,18,Africa,A
1033885,M,25,North America,B
1033886,M,18,North America,C
1033887,F,35,North America,C
1033888,M,25,Asia,C
1033889,M,18,North America,D
1033890,F,18,Europe,C
1033891,M,25,Europe,A
1033892,M,25,Africa,A
1033893,M,25,Asia,B
1033894,F,18,Asia,C
1033895,M,55,North America,B
1033896,M,35,Europe,C
1033897,M,18,Unknown,A
1033898,M,25,South America,C
1033899,M,25,North America,A
1033900,M,25,Unknown,A
1033901,M,55,Africa,D
1033902,F,45,Europe,C
1033903,F,18,Europe,B
1033904,M,25,Africa,C
1033905,M,45,North America,C
1033906,M,55,Africa,D
1033907,F,0,Europe,A
1033908,M,35,Europe,D
1033909,M,25,Africa,D
1033910,M,0,Europe,D
1033911,M,25,Africa,A
1033912,M,25,Asia,C
1033913,F,25,North America,D
1033914,M,25,Unknown,A
1033915,M,18,Europe,C
1033916,M,25,North America,A
1033917,M,18,Africa,C
1033918,F,25,Africa,D
1033919,M,18,Unknown,C
1033920,M,18,North America,C
1033921,M,45,Europe,B
1033922,M,35,Asia,C
1033923,M,25,North America,D
1033924,M,35,South America,D
1033925,M,25,South America,D
1033926,M,18,Asia,B
1033927,M,25,Africa,A
1033928,M,25,Europe,D
1033929,M,25,North America,A
1033930,M,25,North America,C
1033931,F,35,North America,A
1033932,M,45,North America,C
1033933,M,18,North America,C
1033934,M,25,Asia,D
1033935,M,18,Asia,C
1033936,F,18,North America,C
1033937,M,45,Asia,B
1033938,M,18,South America,A
1033939,M,25,Unknown,C
1033940,F,35,South America,D
1033941,M,18,Unknown,D
1033942,M,25,Africa,D
1033943,M,25,North America,B
1033944,F,25,North America,C
1033945,M,18,Europe,D
1033946,F,25,Europe,B
1033947,M,65,Unknown,C
1033948,F,0,Unknown,C
1033949,M,55,North America,A
1033950,M,18,North America,C
1033951,M,35,North America,B
1033952,M,18,Unknown,B
1033953,M,18,Africa,A
1033954,M,35,North America,C
1033955,M,18,Europe,D
1033956,F,18,Europe,A
1033957,M,35,Asia,C
1033958,M,18,Europe,B
1033959,M,25,Asia,D
1033960,M,45,South America,B
1033961,M,65,Unknown,A
1033962,M,18,Africa,D
1033963,M,18,North America,C
1033964,M,25,Australia,C
1033965,M,35,North America,A
1033966,M,25,Asia,B
1033967,M,18,Europe,C
1033968,M,25,Europe,B
1033969,M,35,North America,C
1033970,M,35,Europe,C
1033971,M,25,North America,A
1033972,M,25,North America,A
1033973,F,25,Europe,B
1033974,M,18,North America,C
1033975,F,18,Asia,C
1033976,M,35,North America,C
1033977,M,25,Asia,C
1033978,M,18,Asia,C
1033979,M,18,Asia,B
1033980,M,18,Unknown,B
1033981,M,35,Africa,B
1033982,M,35,South America,D
1033983,F,25,Unknown,D
1033984,M,18,North America,C
1033985,M,18,North America,C
1033986,F,35,Unknown,C
1033987,M,18,Asia,D
1033988,M,25,Unknown,C
1033989,F,18,South America,C
1033990,F,18,Asia,C
1033991,M,18,Europe,B
1033992,M,25,Africa,C
1033993,M,25,Europe,C
1033994,M,25,Asia,B
1033995,M,25,Unknown,A
1033996,M,55,Europe,C
1033997,M,25,North America,C
1033998,M,18,North America,D
1033999,M,65,North America,A
1034000,M,18,Unknown,A
1034001,M,18,Unknown,A
1034002,M,18,Unknown,C
1034003,M,18,Africa,B
1034004,M,18,Unknown,C
1034005,M,25,Europe,A
1034006,M,25,South America,B
1034007,M,25,Europe,D
1034008,M,25,North America,C
1034009,M,25,Europe,C
1034010,M,45,Unknown,D
1034011,F,0,North America,D
1034012,M,18,Unknown,C
1034013,F,25,South America,D
1034014,M,25,North America,A
1034015,M,18,Europe,C
1034016,M,25,Asia,C
1034017,M,18,Unknown,D
1034018,F,0,Europe,A
1034019,F,18,North America,B
1034020,M,25,Europe,D
1034021,M,45,North America,C
1034022,M,35,Europe,D
1034023,M,18,Africa,D
1034024,M,25,North America,D
1034025,F,25,Europe,C
1034026,M,25,Unknown,D
1034027,M,25,Unknown,B
1034028,M,18,North America,D
1034029,F,25,Europe,B
1034030,M,18,Africa,D
1034031,M,18,North America,B
1034032,M,18,Asia,C
1034033,M,25,Africa,C
1034034,M,25,Europe,D
1034035,M,25,North America,C
1034036,M,55,Unknown,C
1034037,M,18,Europe,A
1034038,M,25,North America,B
1034039,M,45,Europe,C
1034040,M,18,Europe,C
1034041,F,25,Europe,C
1034042,M,18,Unknown,C
1034043,M,18,North America,D
1034044,M,65,Europe,A
1034045,M,35,Asia,D
1034046,F,18,Asia,C
1034047,F,35,North America,A
1034048,M,35,Europe,C
1034049,M,45,North America,D
1034050,M,25,Europe,C
1034051,M,25,Europe,D
1034052,M,25,Unknown,C
1034053,F,18,Unknown,A
1034054,M,35,Africa,A
1034055,M,25,Asia,A
1034056,M,25,North America,D
1034057,M,35,North America,B
1034058,M,25,Asia,A
1034059,M,25,Unknown,C
1034060,F,25,Europe,B
1034061,M,35,North America,D
1034062,M,18,South America,D
1034063,F,18,Unknown,C
1034064,F,25,Africa,C
1034065,M,18,North America,C
1034066,M,25,North America,A
1034067,M,45,Europe,B
1034068,M,35,North America,B
1034069,F,45,Asia,A
1034070,M,18,North America,C
1034071,M,35,Asia,A
1034072,M,18,North America,D
1034073,M,25,Europe,C
1034074,M,25,Europe,D
1034075,M,45,Asia,D
1034076,F,18,South America,B
1034077,M,0,Europe,A
1034078,M,25,North America,A
1034079,M,18,Europe,A
1034080,F,25,Africa,A
1034081,M,18,Asia,B
1034082,M,18,North America,D
1034083,M,18,North America,D
1034084,M,35,Africa,C
1034085,M,35,Africa,A
1034086,M,45,North America,B
1034087,M,45,Asia,A
1034088,F,35,North America,C
1034089,M,55,Asia,B
1034090,M,35,Unknown,B
1034091,M,18,Europe,B
1034092,F,25,North America,C
1034093,M,25,Europe,D
1034094,M,18,Europe,D
1034095,M,25,South America,C
1034096,F,35,South America,A
1034097,F,18,North America,A
1034098,F,25,Europe,B
1034099,M,55,North America,C
1034100,M,25,North America,A
1034101,M,25,North America,D
1034102,M,25,North America,B
1034103,M,25,Europe,A
1034104,M,25,North America,C
1034105,M,25,Europe,D
1034106,F,25,North America,D
1034107,M,25,North America,B
1034108,M,25,Europe,C
1034109,M,35,Africa,B
1034110,M,25,North America,A
1034111,M,55,North America,B
1034112,M,18,Asia,B
1034113,F,18,North America,D
1034114,M,25,Africa,D
1034115,M,18,Africa,C
1034116,M,18,Europe,A
1034117,M,18,Asia,A
1034118,F,18,Asia,C
1034119,M,18,Unknown,A
1034120,M,18,Europe,A
1034121,M,25,Asia,B
1034122,M,25,Africa,D
1034123,M,18,Unknown,B
1034124,M,18,South America,D
1034125,F,18,North America,C
1034126,M,25,Asia,B
1034127,M,25,Africa,C
1034128,F,55,North America,D
1034129,M,25,North America,C
1034130,M,18,North America,A
1034131,M,25,Asia,A
1034132,M,45,North America,D
1034133,M,35,North America,D
1034134,M,25,Africa,C
1034135,M,25,Asia,A
1034136,M,35,South America,C
1034137,F,25,Unknown,B
1034138,M,18,Asia,B
1034139,M,0,North America,C
1034140,M,18,Asia,D
1034141,M,25,Unknown,D
1034142,M,35,North America,C
1034143,M,35,Europe,B
1034144,F,18,North America,C
1034145,M,35,Europe,C
1034146,M,25,North America,D
1034147,M,18,North America,C
1034148,M,18,Asia,C
1034149,F,25,Unknown,C
1034150,M,18,North America,C
1034151,F,25,Unknown,B
1034152,M,25,Unknown,C
1034153,M,18,North America,C
1034154,M,25,North America,D
1034155,M,18,Unknown,C
1034156,M,55,North America,A
1034157,M,25,Europe,D
1034158,M,18,Africa,B
1034159,M,45,North America,A
1034160,M,55,North America,C
1034161,F,18,North America,A
1034162,M,55,Europe,D
1034163,F,25,Unknown,C
1034164,M,45,North America,C
